Timestamp,TrafficCount
2020-01-20 00:00:00,12391.00
2020-01-20 01:00:00,7810.00
2020-01-20 02:00:00,7465.00
2020-01-20 03:00:00,7882.00
2020-01-20 04:00:00,10762.00
2020-01-20 05:00:00,20626.00
2020-01-20 06:00:00,46015.00
2020-01-20 07:00:00,65593.00
2020-01-20 08:00:00,90323.00
2020-01-20 09:00:00,146207.00
2020-01-20 10:00:00,162514.00
2020-01-20 11:00:00,178279.00
2020-01-20 12:00:00,118995.00
2020-01-20 13:00:00,108726.00
2020-01-20 14:00:00,163868.00
2020-01-20 15:00:00,168032.00
2020-01-20 16:00:00,158714.00
2020-01-20 17:00:00,126804.00
2020-01-20 18:00:00,62207.00
2020-01-20 19:00:00,22746.00
2020-01-20 20:00:00,17147.00
2020-01-20 21:00:00,15217.00
2020-01-20 22:00:00,14600.00
2020-01-20 23:00:00,16701.00
2020-01-21 00:00:00,10441.00
2020-01-21 01:00:00,9739.00
2020-01-21 02:00:00,11345.00
2020-01-21 03:00:00,9295.00
2020-01-21 04:00:00,9533.00
2020-01-21 05:00:00,23609.00
2020-01-21 06:00:00,38382.00
2020-01-21 07:00:00,62245.00
2020-01-21 08:00:00,79752.00
2020-01-21 09:00:00,133153.00
2020-01-21 10:00:00,171263.00
2020-01-21 11:00:00,176208.00
2020-01-21 12:00:00,121722.00
2020-01-21 13:00:00,114490.00
2020-01-21 14:00:00,178173.00
2020-01-21 15:00:00,180479.00
2020-01-21 16:00:00,165043.00
2020-01-21 17:00:00,168257.00
2020-01-21 18:00:00,99470.00
2020-01-21 19:00:00,40994.00
2020-01-21 20:00:00,26557.00
2020-01-21 21:00:00,18937.00
2020-01-21 22:00:00,17577.00
2020-01-21 23:00:00,20955.00
2020-01-22 00:00:00,16707.00
2020-01-22 01:00:00,10757.00
2020-01-22 02:00:00,10654.00
2020-01-22 03:00:00,15126.00
2020-01-22 04:00:00,12295.00
2020-01-22 05:00:00,25134.00
2020-01-22 06:00:00,54153.00
2020-01-22 07:00:00,88522.00
2020-01-22 08:00:00,90606.00
2020-01-22 09:00:00,166167.00
2020-01-22 10:00:00,186625.00
2020-01-22 11:00:00,190831.00
2020-01-22 12:00:00,123084.00
2020-01-22 13:00:00,123831.00
2020-01-22 14:00:00,170830.00
2020-01-22 15:00:00,181613.00
2020-01-22 16:00:00,157781.00
2020-01-22 17:00:00,140794.00
2020-01-22 18:00:00,71282.00
2020-01-22 19:00:00,39393.00
2020-01-22 20:00:00,34597.00
2020-01-22 21:00:00,23235.00
2020-01-22 22:00:00,20086.00
2020-01-22 23:00:00,22818.00
2020-01-23 00:00:00,11404.00
2020-01-23 01:00:00,9084.00
2020-01-23 02:00:00,11139.00
2020-01-23 03:00:00,13145.00
2020-01-23 04:00:00,18368.00
2020-01-23 05:00:00,21223.00
2020-01-23 06:00:00,58587.00
2020-01-23 07:00:00,84592.00
2020-01-23 08:00:00,100615.00
2020-01-23 09:00:00,180970.00
2020-01-23 10:00:00,213264.00
2020-01-23 11:00:00,231142.00
2020-01-23 12:00:00,147651.00
2020-01-23 13:00:00,142630.00
2020-01-23 14:00:00,184583.00
2020-01-23 15:00:00,201912.00
2020-01-23 16:00:00,174366.00
2020-01-23 17:00:00,144222.00
2020-01-23 18:00:00,66615.00
2020-01-23 19:00:00,40693.00
2020-01-23 20:00:00,20982.00
2020-01-23 21:00:00,16199.00
2020-01-23 22:00:00,15234.00
2020-01-23 23:00:00,11847.00
2020-01-24 00:00:00,9674.00
2020-01-24 01:00:00,8059.00
2020-01-24 02:00:00,8158.00
2020-01-24 03:00:00,9526.00
2020-01-24 04:00:00,14062.00
2020-01-24 05:00:00,24520.00
2020-01-24 06:00:00,58696.00
2020-01-24 07:00:00,92552.00
2020-01-24 08:00:00,121405.00
2020-01-24 09:00:00,173371.00
2020-01-24 10:00:00,215047.00
2020-01-24 11:00:00,229306.00
2020-01-24 12:00:00,156717.00
2020-01-24 13:00:00,162636.00
2020-01-24 14:00:00,243468.00
2020-01-24 15:00:00,141941.00
2020-01-24 16:00:00,141522.00
2020-01-24 17:00:00,90701.00
2020-01-24 18:00:00,52934.00
2020-01-24 19:00:00,26568.00
2020-01-24 20:00:00,14512.00
2020-01-24 21:00:00,8597.00
2020-01-24 22:00:00,7716.00
2020-01-24 23:00:00,7979.00
2020-01-25 00:00:00,7662.00
2020-01-25 01:00:00,6183.00
2020-01-25 02:00:00,6022.00
2020-01-25 03:00:00,6397.00
2020-01-25 04:00:00,6178.00
2020-01-25 05:00:00,8618.00
2020-01-25 06:00:00,8975.00
2020-01-25 07:00:00,9522.00
2020-01-25 08:00:00,7112.00
2020-01-25 09:00:00,7231.00
2020-01-25 10:00:00,7784.00
2020-01-25 11:00:00,10129.00
2020-01-25 12:00:00,7944.00
2020-01-25 13:00:00,8344.00
2020-01-25 14:00:00,12438.00
2020-01-25 15:00:00,14723.00
2020-01-25 16:00:00,13009.00
2020-01-25 17:00:00,16768.00
2020-01-25 18:00:00,11443.00
2020-01-25 19:00:00,14105.00
2020-01-25 20:00:00,12706.00
2020-01-25 21:00:00,8378.00
2020-01-25 22:00:00,8950.00
2020-01-25 23:00:00,8017.00
2020-01-26 00:00:00,7227.00
2020-01-26 01:00:00,6065.00
2020-01-26 02:00:00,6062.00
2020-01-26 03:00:00,6223.00
2020-01-26 04:00:00,6066.00
2020-01-26 05:00:00,6059.00
2020-01-26 06:00:00,6143.00
2020-01-26 07:00:00,6126.00
2020-01-26 08:00:00,7275.00
2020-01-26 09:00:00,6566.00
2020-01-26 10:00:00,7366.00
2020-01-26 11:00:00,7379.00
2020-01-26 12:00:00,9885.00
2020-01-26 13:00:00,11837.00
2020-01-26 14:00:00,10747.00
2020-01-26 15:00:00,7216.00
2020-01-26 16:00:00,11648.00
2020-01-26 17:00:00,16771.00
2020-01-26 18:00:00,14315.00
2020-01-26 19:00:00,10995.00
2020-01-26 20:00:00,10291.00
2020-01-26 21:00:00,9479.00
2020-01-26 22:00:00,13509.00
2020-01-26 23:00:00,12728.00
2020-01-27 00:00:00,7677.00
2020-01-27 01:00:00,6632.00
2020-01-27 02:00:00,6258.00
2020-01-27 03:00:00,6162.00
2020-01-27 04:00:00,9830.00
2020-01-27 05:00:00,22015.00
2020-01-27 06:00:00,55762.00
2020-01-27 07:00:00,82777.00
2020-01-27 08:00:00,118695.00
2020-01-27 09:00:00,178657.00
2020-01-27 10:00:00,212973.00
2020-01-27 11:00:00,244508.00
2020-01-27 12:00:00,145070.00
2020-01-27 13:00:00,142654.00
2020-01-27 14:00:00,191411.00
2020-01-27 15:00:00,192883.00
2020-01-27 16:00:00,151392.00
2020-01-27 17:00:00,125940.00
2020-01-27 18:00:00,74738.00
2020-01-27 19:00:00,32207.00
2020-01-27 20:00:00,17274.00
2020-01-27 21:00:00,16501.00
2020-01-27 22:00:00,17838.00
2020-01-27 23:00:00,16265.00
2020-01-28 00:00:00,8830.00
2020-01-28 01:00:00,7354.00
2020-01-28 02:00:00,8502.00
2020-01-28 03:00:00,10183.00
2020-01-28 04:00:00,17840.00
2020-01-28 05:00:00,22497.00
2020-01-28 06:00:00,43989.00
2020-01-28 07:00:00,86479.00
2020-01-28 08:00:00,112138.00
2020-01-28 09:00:00,152793.00
2020-01-28 10:00:00,194494.00
2020-01-28 11:00:00,207512.00
2020-01-28 12:00:00,132944.00
2020-01-28 13:00:00,112994.00
2020-01-28 14:00:00,149649.00
2020-01-28 15:00:00,143980.00
2020-01-28 16:00:00,152185.00
2020-01-28 17:00:00,123951.00
2020-01-28 18:00:00,50499.00
2020-01-28 19:00:00,21070.00
2020-01-28 20:00:00,16569.00
2020-01-28 21:00:00,16802.00
2020-01-28 22:00:00,11155.00
2020-01-28 23:00:00,10010.00
2020-01-29 00:00:00,5238.00
2020-01-29 01:00:00,3266.00
2020-01-29 02:00:00,3253.00
2020-01-29 03:00:00,3645.00
2020-01-29 04:00:00,6533.00
2020-01-29 05:00:00,13424.00
2020-01-29 06:00:00,43637.00
2020-01-29 07:00:00,77862.00
2020-01-29 08:00:00,89458.00
2020-01-29 09:00:00,132651.00
2020-01-29 10:00:00,187522.00
2020-01-29 11:00:00,203066.00
2020-01-29 12:00:00,128241.00
2020-01-29 13:00:00,140253.00
2020-01-29 14:00:00,170423.00
2020-01-29 15:00:00,161230.00
2020-01-29 16:00:00,140747.00
2020-01-29 17:00:00,118821.00
2020-01-29 18:00:00,49954.00
2020-01-29 19:00:00,48217.00
2020-01-29 20:00:00,16322.00
2020-01-29 21:00:00,9193.00
2020-01-29 22:00:00,7939.00
2020-01-29 23:00:00,7243.00
2020-01-30 00:00:00,7883.00
2020-01-30 01:00:00,7600.00
2020-01-30 02:00:00,4101.00
2020-01-30 03:00:00,5123.00
2020-01-30 04:00:00,6828.00
2020-01-30 05:00:00,14460.00
2020-01-30 06:00:00,39037.00
2020-01-30 07:00:00,70330.00
2020-01-30 08:00:00,89227.00
2020-01-30 09:00:00,164599.00
2020-01-30 10:00:00,227135.00
2020-01-30 11:00:00,196221.00
2020-01-30 12:00:00,132243.00
2020-01-30 13:00:00,129828.00
2020-01-30 14:00:00,188109.00
2020-01-30 15:00:00,160825.00
2020-01-30 16:00:00,146992.00
2020-01-30 17:00:00,141062.00
2020-01-30 18:00:00,51518.00
2020-01-30 19:00:00,21746.00
2020-01-30 20:00:00,11435.00
2020-01-30 21:00:00,8491.00
2020-01-30 22:00:00,11622.00
2020-01-30 23:00:00,14858.00
2020-01-31 00:00:00,11848.00
2020-01-31 01:00:00,4001.00
2020-01-31 02:00:00,6068.00
2020-01-31 03:00:00,5463.00
2020-01-31 04:00:00,12308.00
2020-01-31 05:00:00,21359.00
2020-01-31 06:00:00,59967.00
2020-01-31 07:00:00,105296.00
2020-01-31 08:00:00,117640.00
2020-01-31 09:00:00,194595.00
2020-01-31 10:00:00,248942.00
2020-01-31 11:00:00,273429.00
2020-01-31 12:00:00,171331.00
2020-01-31 13:00:00,145904.00
2020-01-31 14:00:00,206234.00
2020-01-31 15:00:00,195748.00
2020-01-31 16:00:00,120678.00
2020-01-31 17:00:00,90660.00
2020-01-31 18:00:00,29422.00
2020-01-31 19:00:00,16614.00
2020-01-31 20:00:00,9831.00
2020-01-31 21:00:00,5968.00
2020-01-31 22:00:00,5869.00
2020-01-31 23:00:00,5183.00
2020-02-01 00:00:00,3086.00
2020-02-01 01:00:00,2783.00
2020-02-01 02:00:00,2644.00
2020-02-01 03:00:00,2708.00
2020-02-01 04:00:00,5171.00
2020-02-01 05:00:00,5434.00
2020-02-01 06:00:00,4555.00
2020-02-01 07:00:00,4624.00
2020-02-01 08:00:00,6196.00
2020-02-01 09:00:00,3442.00
2020-02-01 10:00:00,3612.00
2020-02-01 11:00:00,5942.00
2020-02-01 12:00:00,6321.00
2020-02-01 13:00:00,5431.00
2020-02-01 14:00:00,5731.00
2020-02-01 15:00:00,7353.00
2020-02-01 16:00:00,12233.00
2020-02-01 17:00:00,5249.00
2020-02-01 18:00:00,3141.00
2020-02-01 19:00:00,4477.00
2020-02-01 20:00:00,3634.00
2020-02-01 21:00:00,3835.00
2020-02-01 22:00:00,2654.00
2020-02-01 23:00:00,2749.00
2020-02-02 00:00:00,2660.00
2020-02-02 01:00:00,2603.00
2020-02-02 02:00:00,2579.00
2020-02-02 03:00:00,2531.00
2020-02-02 04:00:00,2662.00
2020-02-02 05:00:00,4166.00
2020-02-02 06:00:00,2678.00
2020-02-02 07:00:00,3311.00
2020-02-02 08:00:00,4076.00
2020-02-02 09:00:00,5572.00
2020-02-02 10:00:00,2877.00
2020-02-02 11:00:00,3991.00
2020-02-02 12:00:00,5871.00
2020-02-02 13:00:00,6134.00
2020-02-02 14:00:00,5058.00
2020-02-02 15:00:00,12834.00
2020-02-02 16:00:00,9774.00
2020-02-02 17:00:00,13811.00
2020-02-02 18:00:00,11203.00
2020-02-02 19:00:00,15503.00
2020-02-02 20:00:00,9557.00
2020-02-02 21:00:00,14850.00
2020-02-02 22:00:00,7085.00
2020-02-02 23:00:00,8694.00
2020-02-03 00:00:00,13036.00
2020-02-03 01:00:00,5288.00
2020-02-03 02:00:00,6315.00
2020-02-03 03:00:00,8651.00
2020-02-03 04:00:00,10552.00
2020-02-03 05:00:00,20095.00
2020-02-03 06:00:00,46209.00
2020-02-03 07:00:00,74691.00
2020-02-03 08:00:00,120744.00
2020-02-03 09:00:00,170244.00
2020-02-03 10:00:00,224522.00
2020-02-03 11:00:00,238600.00
2020-02-03 12:00:00,141936.00
2020-02-03 13:00:00,139315.00
2020-02-03 14:00:00,184919.00
2020-02-03 15:00:00,169530.00
2020-02-03 16:00:00,183453.00
2020-02-03 17:00:00,151654.00
2020-02-03 18:00:00,71180.00
2020-02-03 19:00:00,25229.00
2020-02-03 20:00:00,14699.00
2020-02-03 21:00:00,14166.00
2020-02-03 22:00:00,19933.00
2020-02-03 23:00:00,21674.00
2020-02-04 00:00:00,21437.00
2020-02-04 01:00:00,9086.00
2020-02-04 02:00:00,7771.00
2020-02-04 03:00:00,8214.00
2020-02-04 04:00:00,9400.00
2020-02-04 05:00:00,28430.00
2020-02-04 06:00:00,61312.00
2020-02-04 07:00:00,95381.00
2020-02-04 08:00:00,100333.00
2020-02-04 09:00:00,170574.00
2020-02-04 10:00:00,244371.00
2020-02-04 11:00:00,213328.00
2020-02-04 12:00:00,146822.00
2020-02-04 13:00:00,145905.00
2020-02-04 14:00:00,215424.00
2020-02-04 15:00:00,196689.00
2020-02-04 16:00:00,168523.00
2020-02-04 17:00:00,132559.00
2020-02-04 18:00:00,50731.00
2020-02-04 19:00:00,21160.00
2020-02-04 20:00:00,8281.00
2020-02-04 21:00:00,9888.00
2020-02-04 22:00:00,10981.00
2020-02-04 23:00:00,10155.00
2020-02-05 00:00:00,9881.00
2020-02-05 01:00:00,15648.00
2020-02-05 02:00:00,6826.00
2020-02-05 03:00:00,5202.00
2020-02-05 04:00:00,9175.00
2020-02-05 05:00:00,16470.00
2020-02-05 06:00:00,54608.00
2020-02-05 07:00:00,76890.00
2020-02-05 08:00:00,89377.00
2020-02-05 09:00:00,141603.00
2020-02-05 10:00:00,173949.00
2020-02-05 11:00:00,170711.00
2020-02-05 12:00:00,100211.00
2020-02-05 13:00:00,105802.00
2020-02-05 14:00:00,179702.00
2020-02-05 15:00:00,163264.00
2020-02-05 16:00:00,166199.00
2020-02-05 17:00:00,132554.00
2020-02-05 18:00:00,51774.00
2020-02-05 19:00:00,19027.00
2020-02-05 20:00:00,13083.00
2020-02-05 21:00:00,13713.00
2020-02-05 22:00:00,10356.00
2020-02-05 23:00:00,8250.00
2020-02-06 00:00:00,13960.00
2020-02-06 01:00:00,9856.00
2020-02-06 02:00:00,10018.00
2020-02-06 03:00:00,9950.00
2020-02-06 04:00:00,17921.00
2020-02-06 05:00:00,27785.00
2020-02-06 06:00:00,63023.00
2020-02-06 07:00:00,69822.00
2020-02-06 08:00:00,97560.00
2020-02-06 09:00:00,181213.00
2020-02-06 10:00:00,228689.00
2020-02-06 11:00:00,201761.00
2020-02-06 12:00:00,157652.00
2020-02-06 13:00:00,138166.00
2020-02-06 14:00:00,183236.00
2020-02-06 15:00:00,189123.00
2020-02-06 16:00:00,157775.00
2020-02-06 17:00:00,135968.00
2020-02-06 18:00:00,52769.00
2020-02-06 19:00:00,35409.00
2020-02-06 20:00:00,22513.00
2020-02-06 21:00:00,14097.00
2020-02-06 22:00:00,12000.00
2020-02-06 23:00:00,11153.00
2020-02-07 00:00:00,6184.00
2020-02-07 01:00:00,6115.00
2020-02-07 02:00:00,6464.00
2020-02-07 03:00:00,8622.00
2020-02-07 04:00:00,10401.00
2020-02-07 05:00:00,24108.00
2020-02-07 06:00:00,49506.00
2020-02-07 07:00:00,88114.00
2020-02-07 08:00:00,127486.00
2020-02-07 09:00:00,192732.00
2020-02-07 10:00:00,242001.00
2020-02-07 11:00:00,264797.00
2020-02-07 12:00:00,168343.00
2020-02-07 13:00:00,175391.00
2020-02-07 14:00:00,213404.00
2020-02-07 15:00:00,141149.00
2020-02-07 16:00:00,126291.00
2020-02-07 17:00:00,89626.00
2020-02-07 18:00:00,34660.00
2020-02-07 19:00:00,34085.00
2020-02-07 20:00:00,25640.00
2020-02-07 21:00:00,9429.00
2020-02-07 22:00:00,9900.00
2020-02-07 23:00:00,6174.00
2020-02-08 00:00:00,5771.00
2020-02-08 01:00:00,4972.00
2020-02-08 02:00:00,7168.00
2020-02-08 03:00:00,9279.00
2020-02-08 04:00:00,10125.00
2020-02-08 05:00:00,9250.00
2020-02-08 06:00:00,15999.00
2020-02-08 07:00:00,13616.00
2020-02-08 08:00:00,14910.00
2020-02-08 09:00:00,17651.00
2020-02-08 10:00:00,15174.00
2020-02-08 11:00:00,12237.00
2020-02-08 12:00:00,6317.00
2020-02-08 13:00:00,7619.00
2020-02-08 14:00:00,6385.00
2020-02-08 15:00:00,8040.00
2020-02-08 16:00:00,11212.00
2020-02-08 17:00:00,9840.00
2020-02-08 18:00:00,8515.00
2020-02-08 19:00:00,5631.00
2020-02-08 20:00:00,4068.00
2020-02-08 21:00:00,4326.00
2020-02-08 22:00:00,4053.00
2020-02-08 23:00:00,2609.00
2020-02-09 00:00:00,3192.00
2020-02-09 01:00:00,2705.00
2020-02-09 02:00:00,2652.00
2020-02-09 03:00:00,2909.00
2020-02-09 04:00:00,5670.00
2020-02-09 05:00:00,3983.00
2020-02-09 06:00:00,4893.00
2020-02-09 07:00:00,4378.00
2020-02-09 08:00:00,6205.00
2020-02-09 09:00:00,9587.00
2020-02-09 10:00:00,11359.00
2020-02-09 11:00:00,13185.00
2020-02-09 12:00:00,15309.00
2020-02-09 13:00:00,16817.00
2020-02-09 14:00:00,6724.00
2020-02-09 15:00:00,15579.00
2020-02-09 16:00:00,29137.00
2020-02-09 17:00:00,15252.00
2020-02-09 18:00:00,13740.00
2020-02-09 19:00:00,12701.00
2020-02-09 20:00:00,9876.00
2020-02-09 21:00:00,10869.00
2020-02-09 22:00:00,12884.00
2020-02-09 23:00:00,10779.00
2020-02-10 00:00:00,6442.00
2020-02-10 01:00:00,4331.00
2020-02-10 02:00:00,5052.00
2020-02-10 03:00:00,15514.00
2020-02-10 04:00:00,10637.00
2020-02-10 05:00:00,31750.00
2020-02-10 06:00:00,55529.00
2020-02-10 07:00:00,79723.00
2020-02-10 08:00:00,104483.00
2020-02-10 09:00:00,182008.00
2020-02-10 10:00:00,193706.00
2020-02-10 11:00:00,228709.00
2020-02-10 12:00:00,155048.00
2020-02-10 13:00:00,149224.00
2020-02-10 14:00:00,180019.00
2020-02-10 15:00:00,184711.00
2020-02-10 16:00:00,156666.00
2020-02-10 17:00:00,128194.00
2020-02-10 18:00:00,92391.00
2020-02-10 19:00:00,31237.00
2020-02-10 20:00:00,24821.00
2020-02-10 21:00:00,27772.00
2020-02-10 22:00:00,24993.00
2020-02-10 23:00:00,20178.00
2020-02-11 00:00:00,15920.00
2020-02-11 01:00:00,17148.00
2020-02-11 02:00:00,14611.00
2020-02-11 03:00:00,14875.00
2020-02-11 04:00:00,22388.00
2020-02-11 05:00:00,38835.00
2020-02-11 06:00:00,58839.00
2020-02-11 07:00:00,83542.00
2020-02-11 08:00:00,118564.00
2020-02-11 09:00:00,174775.00
2020-02-11 10:00:00,205886.00
2020-02-11 11:00:00,212141.00
2020-02-11 12:00:00,145560.00
2020-02-11 13:00:00,128519.00
2020-02-11 14:00:00,169735.00
2020-02-11 15:00:00,170064.00
2020-02-11 16:00:00,144949.00
2020-02-11 17:00:00,127345.00
2020-02-11 18:00:00,65757.00
2020-02-11 19:00:00,27470.00
2020-02-11 20:00:00,14988.00
2020-02-11 21:00:00,15735.00
2020-02-11 22:00:00,11219.00
2020-02-11 23:00:00,13495.00
2020-02-12 00:00:00,11748.00
2020-02-12 01:00:00,7534.00
2020-02-12 02:00:00,9977.00
2020-02-12 03:00:00,10140.00
2020-02-12 04:00:00,12238.00
2020-02-12 05:00:00,25976.00
2020-02-12 06:00:00,46254.00
2020-02-12 07:00:00,76713.00
2020-02-12 08:00:00,104598.00
2020-02-12 09:00:00,135552.00
2020-02-12 10:00:00,171043.00
2020-02-12 11:00:00,180886.00
2020-02-12 12:00:00,125307.00
2020-02-12 13:00:00,108981.00
2020-02-12 14:00:00,174002.00
2020-02-12 15:00:00,154598.00
2020-02-12 16:00:00,131084.00
2020-02-12 17:00:00,127327.00
2020-02-12 18:00:00,59594.00
2020-02-12 19:00:00,28866.00
2020-02-12 20:00:00,18380.00
2020-02-12 21:00:00,18953.00
2020-02-12 22:00:00,15277.00
2020-02-12 23:00:00,11979.00
2020-02-13 00:00:00,8421.00
2020-02-13 01:00:00,7634.00
2020-02-13 02:00:00,6053.00
2020-02-13 03:00:00,6210.00
2020-02-13 04:00:00,8006.00
2020-02-13 05:00:00,21368.00
2020-02-13 06:00:00,46392.00
2020-02-13 07:00:00,73649.00
2020-02-13 08:00:00,104471.00
2020-02-13 09:00:00,181059.00
2020-02-13 10:00:00,210801.00
2020-02-13 11:00:00,195868.00
2020-02-13 12:00:00,140675.00
2020-02-13 13:00:00,134927.00
2020-02-13 14:00:00,172190.00
2020-02-13 15:00:00,148559.00
2020-02-13 16:00:00,125915.00
2020-02-13 17:00:00,129066.00
2020-02-13 18:00:00,48235.00
2020-02-13 19:00:00,21729.00
2020-02-13 20:00:00,19939.00
2020-02-13 21:00:00,17603.00
2020-02-13 22:00:00,13335.00
2020-02-13 23:00:00,11013.00
2020-02-14 00:00:00,10748.00
2020-02-14 01:00:00,6157.00
2020-02-14 02:00:00,5965.00
2020-02-14 03:00:00,6412.00
2020-02-14 04:00:00,11029.00
2020-02-14 05:00:00,16447.00
2020-02-14 06:00:00,51900.00
2020-02-14 07:00:00,81606.00
2020-02-14 08:00:00,127754.00
2020-02-14 09:00:00,164991.00
2020-02-14 10:00:00,209564.00
2020-02-14 11:00:00,192406.00
2020-02-14 12:00:00,136888.00
2020-02-14 13:00:00,133544.00
2020-02-14 14:00:00,192078.00
2020-02-14 15:00:00,163477.00
2020-02-14 16:00:00,138240.00
2020-02-14 17:00:00,90442.00
2020-02-14 18:00:00,27757.00
2020-02-14 19:00:00,17226.00
2020-02-14 20:00:00,8937.00
2020-02-14 21:00:00,7359.00
2020-02-14 22:00:00,5847.00
2020-02-14 23:00:00,5605.00
2020-02-15 00:00:00,5122.00
2020-02-15 01:00:00,6325.00
2020-02-15 02:00:00,9650.00
2020-02-15 03:00:00,5583.00
2020-02-15 04:00:00,5499.00
2020-02-15 07:00:00,4286.00
2020-02-15 08:00:00,5407.00
2020-02-15 09:00:00,8084.00
2020-02-15 10:00:00,6069.00
2020-02-15 11:00:00,4719.00
2020-02-15 12:00:00,6730.00
2020-02-15 13:00:00,10042.00
2020-02-15 14:00:00,7388.00
2020-02-15 15:00:00,4182.00
2020-02-15 16:00:00,6366.00
2020-02-15 17:00:00,2848.00
2020-02-15 18:00:00,4923.00
2020-02-15 19:00:00,3755.00
2020-02-15 20:00:00,1981.00
2020-02-15 21:00:00,1814.00
2020-02-15 22:00:00,2639.00
2020-02-15 23:00:00,1857.00
2020-02-16 00:00:00,1787.00
2020-02-16 01:00:00,1748.00
2020-02-16 02:00:00,1691.00
2020-02-16 03:00:00,1675.00
2020-02-16 04:00:00,2091.00
2020-02-16 05:00:00,2494.00
2020-02-16 06:00:00,2193.00
2020-02-16 07:00:00,2420.00
2020-02-16 08:00:00,5872.00
2020-02-16 09:00:00,4238.00
2020-02-16 10:00:00,4327.00
2020-02-16 11:00:00,3021.00
2020-02-16 12:00:00,6519.00
2020-02-16 13:00:00,5656.00
2020-02-16 14:00:00,7969.00
2020-02-16 15:00:00,7728.00
2020-02-16 16:00:00,8934.00
2020-02-16 17:00:00,9109.00
2020-02-16 18:00:00,11085.00
2020-02-16 19:00:00,6975.00
2020-02-16 20:00:00,3336.00
2020-02-16 21:00:00,3332.00
2020-02-16 22:00:00,5734.00
2020-02-16 23:00:00,2861.00
2020-02-17 00:00:00,2742.00
2020-02-17 01:00:00,5003.00
2020-02-17 02:00:00,4271.00
2020-02-17 03:00:00,4518.00
2020-02-17 04:00:00,7420.00
2020-02-17 05:00:00,17185.00
2020-02-17 06:00:00,44024.00
2020-02-17 07:00:00,73984.00
2020-02-17 08:00:00,108856.00
2020-02-17 09:00:00,161195.00
2020-02-17 10:00:00,223176.00
2020-02-17 11:00:00,216749.00
2020-02-17 12:00:00,133299.00
2020-02-17 13:00:00,121147.00
2020-02-17 14:00:00,168036.00
2020-02-17 15:00:00,140943.00
2020-02-17 16:00:00,150698.00
2020-02-17 17:00:00,123621.00
2020-02-17 18:00:00,66569.00
2020-02-17 19:00:00,34800.00
2020-02-17 20:00:00,12588.00
2020-02-17 21:00:00,21384.00
2020-02-17 22:00:00,20169.00
2020-02-17 23:00:00,22406.00
2020-02-18 00:00:00,10265.00
2020-02-18 01:00:00,6944.00
2020-02-18 02:00:00,10628.00
2020-02-18 03:00:00,10299.00
2020-02-18 04:00:00,9841.00
2020-02-18 05:00:00,21839.00
2020-02-18 06:00:00,43120.00
2020-02-18 07:00:00,69469.00
2020-02-18 08:00:00,92812.00
2020-02-18 09:00:00,175766.00
2020-02-18 10:00:00,219155.00
2020-02-18 11:00:00,193611.00
2020-02-18 12:00:00,125956.00
2020-02-18 13:00:00,135681.00
2020-02-18 14:00:00,185180.00
2020-02-18 15:00:00,173473.00
2020-02-18 16:00:00,184541.00
2020-02-18 17:00:00,111806.00
2020-02-18 18:00:00,69977.00
2020-02-18 19:00:00,28331.00
2020-02-18 20:00:00,15380.00
2020-02-18 21:00:00,11106.00
2020-02-18 22:00:00,10439.00
2020-02-18 23:00:00,8800.00
2020-02-19 00:00:00,5938.00
2020-02-19 01:00:00,3273.00
2020-02-19 02:00:00,3498.00
2020-02-19 03:00:00,4201.00
2020-02-19 04:00:00,9121.00
2020-02-19 05:00:00,16167.00
2020-02-19 06:00:00,36463.00
2020-02-19 07:00:00,74178.00
2020-02-19 08:00:00,92703.00
2020-02-19 09:00:00,159241.00
2020-02-19 10:00:00,196727.00
2020-02-19 11:00:00,180682.00
2020-02-19 12:00:00,144741.00
2020-02-19 13:00:00,130120.00
2020-02-19 14:00:00,163845.00
2020-02-19 15:00:00,150301.00
2020-02-19 16:00:00,150545.00
2020-02-19 17:00:00,121104.00
2020-02-19 18:00:00,61900.00
2020-02-19 19:00:00,41484.00
2020-02-19 20:00:00,22167.00
2020-02-19 21:00:00,15183.00
2020-02-19 22:00:00,8991.00
2020-02-19 23:00:00,6054.00
2020-02-20 00:00:00,4281.00
2020-02-20 01:00:00,4498.00
2020-02-20 02:00:00,2661.00
2020-02-20 03:00:00,3148.00
2020-02-20 04:00:00,7644.00
2020-02-20 05:00:00,17948.00
2020-02-20 06:00:00,49916.00
2020-02-20 07:00:00,65243.00
2020-02-20 08:00:00,93557.00
2020-02-20 09:00:00,162106.00
2020-02-20 10:00:00,201665.00
2020-02-20 11:00:00,197989.00
2020-02-20 12:00:00,142733.00
2020-02-20 13:00:00,133264.00
2020-02-20 14:00:00,186092.00
2020-02-20 15:00:00,176977.00
2020-02-20 16:00:00,144609.00
2020-02-20 17:00:00,110689.00
2020-02-20 18:00:00,67056.00
2020-02-20 19:00:00,33713.00
2020-02-20 20:00:00,18866.00
2020-02-20 21:00:00,17831.00
2020-02-20 22:00:00,15584.00
2020-02-20 23:00:00,9593.00
2020-02-21 00:00:00,8576.00
2020-02-21 01:00:00,13267.00
2020-02-21 02:00:00,10448.00
2020-02-21 03:00:00,10904.00
2020-02-21 04:00:00,14515.00
2020-02-21 05:00:00,18325.00
2020-02-21 06:00:00,40489.00
2020-02-21 07:00:00,63659.00
2020-02-21 08:00:00,84876.00
2020-02-21 09:00:00,150675.00
2020-02-21 10:00:00,186517.00
2020-02-21 11:00:00,171622.00
2020-02-21 12:00:00,111292.00
2020-02-21 13:00:00,103766.00
2020-02-21 14:00:00,157747.00
2020-02-21 15:00:00,116468.00
2020-02-21 16:00:00,98836.00
2020-02-21 17:00:00,79520.00
2020-02-21 18:00:00,27262.00
2020-02-21 19:00:00,16320.00
2020-02-21 20:00:00,20378.00
2020-02-21 21:00:00,11866.00
2020-02-21 22:00:00,10227.00
2020-02-21 23:00:00,3556.00
2020-02-22 00:00:00,4086.00
2020-02-22 01:00:00,3660.00
2020-02-22 02:00:00,2771.00
2020-02-22 03:00:00,4083.00
2020-02-22 04:00:00,3342.00
2020-02-22 05:00:00,3875.00
2020-02-22 06:00:00,5160.00
2020-02-22 07:00:00,5940.00
2020-02-22 08:00:00,4699.00
2020-02-22 09:00:00,5755.00
2020-02-22 10:00:00,4073.00
2020-02-22 11:00:00,5809.00
2020-02-22 12:00:00,9464.00
2020-02-22 13:00:00,7331.00
2020-02-22 14:00:00,6389.00
2020-02-22 15:00:00,7929.00
2020-02-22 16:00:00,3964.00
2020-02-22 17:00:00,4485.00
2020-02-22 18:00:00,5286.00
2020-02-22 19:00:00,4127.00
2020-02-22 20:00:00,3725.00
2020-02-22 21:00:00,3642.00
2020-02-22 22:00:00,3673.00
2020-02-22 23:00:00,3220.00
2020-02-23 00:00:00,2699.00
2020-02-23 01:00:00,2684.00
2020-02-23 02:00:00,3428.00
2020-02-23 03:00:00,3559.00
2020-02-23 04:00:00,3531.00
2020-02-23 05:00:00,2729.00
2020-02-23 06:00:00,3142.00
2020-02-23 07:00:00,3296.00
2020-02-23 08:00:00,3417.00
2020-02-23 09:00:00,3463.00
2020-02-23 10:00:00,4232.00
2020-02-23 11:00:00,4844.00
2020-02-23 12:00:00,14237.00
2020-02-23 13:00:00,16246.00
2020-02-23 14:00:00,6713.00
2020-02-23 15:00:00,7416.00
2020-02-23 16:00:00,4850.00
2020-02-23 17:00:00,6359.00
2020-02-23 18:00:00,6663.00
2020-02-23 19:00:00,13712.00
2020-02-23 20:00:00,9179.00
2020-02-23 21:00:00,4527.00
2020-02-23 22:00:00,4216.00
2020-02-23 23:00:00,3776.00
2020-02-24 00:00:00,2998.00
2020-02-24 01:00:00,2734.00
2020-02-24 02:00:00,3349.00
2020-02-24 03:00:00,3580.00
2020-02-24 04:00:00,6886.00
2020-02-24 05:00:00,15358.00
2020-02-24 06:00:00,43920.00
2020-02-24 07:00:00,75769.00
2020-02-24 08:00:00,102445.00
2020-02-24 09:00:00,138444.00
2020-02-24 10:00:00,192922.00
2020-02-24 11:00:00,199873.00
2020-02-24 12:00:00,138172.00
2020-02-24 13:00:00,141050.00
2020-02-24 14:00:00,152468.00
2020-02-24 15:00:00,161293.00
2020-02-24 16:00:00,157018.00
2020-02-24 17:00:00,125413.00
2020-02-24 18:00:00,62626.00
2020-02-24 19:00:00,28689.00
2020-02-24 20:00:00,21076.00
2020-02-24 21:00:00,23474.00
2020-02-24 22:00:00,12523.00
2020-02-24 23:00:00,5339.00
2020-02-25 00:00:00,4615.00
2020-02-25 01:00:00,7302.00
2020-02-25 02:00:00,2875.00
2020-02-25 03:00:00,6082.00
2020-02-25 04:00:00,6355.00
2020-02-25 05:00:00,14223.00
2020-02-25 06:00:00,45102.00
2020-02-25 07:00:00,77966.00
2020-02-25 08:00:00,92593.00
2020-02-25 09:00:00,164236.00
2020-02-25 10:00:00,202360.00
2020-02-25 11:00:00,213458.00
2020-02-25 12:00:00,124534.00
2020-02-25 13:00:00,94996.00
2020-02-25 14:00:00,152890.00
2020-02-25 15:00:00,146052.00
2020-02-25 16:00:00,138641.00
2020-02-25 17:00:00,128768.00
2020-02-25 18:00:00,60537.00
2020-02-25 19:00:00,27170.00
2020-02-25 20:00:00,19611.00
2020-02-25 21:00:00,18170.00
2020-02-25 22:00:00,14848.00
2020-02-25 23:00:00,13531.00
2020-02-26 00:00:00,10024.00
2020-02-26 01:00:00,8966.00
2020-02-26 02:00:00,7503.00
2020-02-26 03:00:00,8459.00
2020-02-26 04:00:00,8650.00
2020-02-26 05:00:00,14918.00
2020-02-26 06:00:00,42870.00
2020-02-26 07:00:00,87177.00
2020-02-26 08:00:00,97048.00
2020-02-26 09:00:00,161227.00
2020-02-26 10:00:00,186429.00
2020-02-26 11:00:00,199790.00
2020-02-26 12:00:00,123168.00
2020-02-26 13:00:00,117534.00
2020-02-26 14:00:00,161056.00
2020-02-26 15:00:00,144837.00
2020-02-26 16:00:00,124940.00
2020-02-26 17:00:00,115234.00
2020-02-26 18:00:00,72821.00
2020-02-26 19:00:00,33018.00
2020-02-26 20:00:00,23029.00
2020-02-26 21:00:00,19345.00
2020-02-26 22:00:00,18597.00
2020-02-26 23:00:00,10674.00
2020-02-27 00:00:00,5845.00
2020-02-27 01:00:00,2849.00
2020-02-27 02:00:00,3126.00
2020-02-27 03:00:00,3065.00
2020-02-27 04:00:00,5500.00
2020-02-27 05:00:00,18646.00
2020-02-27 06:00:00,50050.00
2020-02-27 07:00:00,85911.00
2020-02-27 08:00:00,99704.00
2020-02-27 09:00:00,148805.00
2020-02-27 10:00:00,177016.00
2020-02-27 11:00:00,189096.00
2020-02-27 12:00:00,129161.00
2020-02-27 13:00:00,120468.00
2020-02-27 14:00:00,147300.00
2020-02-27 15:00:00,132678.00
2020-02-27 16:00:00,134400.00
2020-02-27 17:00:00,115695.00
2020-02-27 18:00:00,58712.00
2020-02-27 19:00:00,38083.00
2020-02-27 20:00:00,24183.00
2020-02-27 21:00:00,22869.00
2020-02-27 22:00:00,20363.00
2020-02-27 23:00:00,19917.00
2020-02-28 00:00:00,9397.00
2020-02-28 01:00:00,6096.00
2020-02-28 02:00:00,4228.00
2020-02-28 03:00:00,7587.00
2020-02-28 04:00:00,12996.00
2020-02-28 05:00:00,24946.00
2020-02-28 06:00:00,57458.00
2020-02-28 07:00:00,117192.00
2020-02-28 08:00:00,123555.00
2020-02-28 09:00:00,159451.00
2020-02-28 10:00:00,229319.00
2020-02-28 11:00:00,199700.00
2020-02-28 12:00:00,157226.00
2020-02-28 13:00:00,140249.00
2020-02-28 14:00:00,187330.00
2020-02-28 15:00:00,116222.00
2020-02-28 16:00:00,100686.00
2020-02-28 17:00:00,81702.00
2020-02-28 18:00:00,27189.00
2020-02-28 19:00:00,12393.00
2020-02-28 20:00:00,12787.00
2020-02-28 21:00:00,7154.00
2020-02-28 22:00:00,5968.00
2020-02-28 23:00:00,7060.00
2020-02-29 00:00:00,4510.00
2020-02-29 01:00:00,4061.00
2020-02-29 02:00:00,2984.00
2020-02-29 03:00:00,3282.00
2020-02-29 04:00:00,3713.00
2020-02-29 05:00:00,4534.00
2020-02-29 06:00:00,3627.00
2020-02-29 07:00:00,4429.00
2020-02-29 08:00:00,3477.00
2020-02-29 09:00:00,5978.00
2020-02-29 10:00:00,3534.00
2020-02-29 11:00:00,4792.00
2020-02-29 12:00:00,4555.00
2020-02-29 13:00:00,4643.00
2020-02-29 14:00:00,3381.00
2020-02-29 15:00:00,2901.00
2020-02-29 16:00:00,4117.00
2020-02-29 17:00:00,4567.00
2020-02-29 18:00:00,4250.00
2020-02-29 19:00:00,6548.00
2020-02-29 20:00:00,3941.00
2020-02-29 21:00:00,2566.00
2020-02-29 22:00:00,3088.00
2020-02-29 23:00:00,2878.00
2020-03-01 00:00:00,2387.00
2020-03-01 01:00:00,2586.00
2020-03-01 02:00:00,2245.00
2020-03-01 03:00:00,3456.00
2020-03-01 04:00:00,2234.00
2020-03-01 05:00:00,2393.00
2020-03-01 06:00:00,2535.00
2020-03-01 07:00:00,2525.00
2020-03-01 08:00:00,4702.00
2020-03-01 09:00:00,4163.00
2020-03-01 10:00:00,4512.00
2020-03-01 11:00:00,4236.00
2020-03-01 12:00:00,7006.00
2020-03-01 13:00:00,8183.00
2020-03-01 14:00:00,7102.00
2020-03-01 15:00:00,9963.00
2020-03-01 16:00:00,13237.00
2020-03-01 17:00:00,12239.00
2020-03-01 18:00:00,7908.00
2020-03-01 19:00:00,5749.00
2020-03-01 20:00:00,7759.00
2020-03-01 21:00:00,7438.00
2020-03-01 22:00:00,8068.00
2020-03-01 23:00:00,5574.00
2020-03-02 00:00:00,4730.00
2020-03-02 01:00:00,4218.00
2020-03-02 02:00:00,3614.00
2020-03-02 03:00:00,5756.00
2020-03-02 04:00:00,8287.00
2020-03-02 05:00:00,26230.00
2020-03-02 06:00:00,44043.00
2020-03-02 07:00:00,84834.00
2020-03-02 08:00:00,104770.00
2020-03-02 09:00:00,153635.00
2020-03-02 10:00:00,203207.00
2020-03-02 11:00:00,230433.00
2020-03-02 12:00:00,152022.00
2020-03-02 13:00:00,125470.00
2020-03-02 14:00:00,165780.00
2020-03-02 15:00:00,149833.00
2020-03-02 16:00:00,136909.00
2020-03-02 17:00:00,133690.00
2020-03-02 18:00:00,55554.00
2020-03-02 19:00:00,23216.00
2020-03-02 20:00:00,27615.00
2020-03-02 21:00:00,16588.00
2020-03-02 22:00:00,10466.00
2020-03-02 23:00:00,9076.00
2020-03-03 00:00:00,4922.00
2020-03-03 01:00:00,4962.00
2020-03-03 02:00:00,4293.00
2020-03-03 03:00:00,4740.00
2020-03-03 04:00:00,15334.00
2020-03-03 05:00:00,20132.00
2020-03-03 06:00:00,45720.00
2020-03-03 07:00:00,79463.00
2020-03-03 08:00:00,100401.00
2020-03-03 09:00:00,161027.00
2020-03-03 10:00:00,205732.00
2020-03-03 11:00:00,198823.00
2020-03-03 12:00:00,146059.00
2020-03-03 13:00:00,143159.00
2020-03-03 14:00:00,184231.00
2020-03-03 15:00:00,169979.00
2020-03-03 16:00:00,142335.00
2020-03-03 17:00:00,119898.00
2020-03-03 18:00:00,57931.00
2020-03-03 19:00:00,30874.00
2020-03-03 20:00:00,22265.00
2020-03-03 21:00:00,20430.00
2020-03-03 22:00:00,15424.00
2020-03-03 23:00:00,17829.00
2020-03-04 00:00:00,14389.00
2020-03-04 01:00:00,11124.00
2020-03-04 02:00:00,6188.00
2020-03-04 03:00:00,3911.00
2020-03-04 04:00:00,6271.00
2020-03-04 05:00:00,13524.00
2020-03-04 06:00:00,38949.00
2020-03-04 07:00:00,77226.00
2020-03-04 08:00:00,101138.00
2020-03-04 09:00:00,203453.00
2020-03-04 10:00:00,243274.00
2020-03-04 11:00:00,246719.00
2020-03-04 12:00:00,146164.00
2020-03-04 13:00:00,136568.00
2020-03-04 14:00:00,193426.00
2020-03-04 15:00:00,159322.00
2020-03-04 16:00:00,142020.00
2020-03-04 17:00:00,120113.00
2020-03-04 18:00:00,63527.00
2020-03-04 19:00:00,25420.00
2020-03-04 20:00:00,19487.00
2020-03-04 21:00:00,10494.00
2020-03-04 22:00:00,7214.00
2020-03-04 23:00:00,8677.00
2020-03-05 00:00:00,5217.00
2020-03-05 01:00:00,2412.00
2020-03-05 02:00:00,1820.00
2020-03-05 03:00:00,2773.00
2020-03-05 04:00:00,6258.00
2020-03-05 05:00:00,19617.00
2020-03-05 06:00:00,51580.00
2020-03-05 07:00:00,74358.00
2020-03-05 08:00:00,108628.00
2020-03-05 09:00:00,159658.00
2020-03-05 10:00:00,213706.00
2020-03-05 11:00:00,174770.00
2020-03-05 12:00:00,136961.00
2020-03-05 13:00:00,112846.00
2020-03-05 14:00:00,147799.00
2020-03-05 15:00:00,161947.00
2020-03-05 16:00:00,129757.00
2020-03-05 17:00:00,140032.00
2020-03-05 18:00:00,70724.00
2020-03-05 19:00:00,35200.00
2020-03-05 20:00:00,14882.00
2020-03-05 21:00:00,10789.00
2020-03-05 22:00:00,11112.00
2020-03-05 23:00:00,11278.00
2020-03-06 00:00:00,3542.00
2020-03-06 01:00:00,4045.00
2020-03-06 02:00:00,2961.00
2020-03-06 03:00:00,3519.00
2020-03-06 04:00:00,6625.00
2020-03-06 05:00:00,20580.00
2020-03-06 06:00:00,47042.00
2020-03-06 07:00:00,77785.00
2020-03-06 08:00:00,100146.00
2020-03-06 09:00:00,161167.00
2020-03-06 10:00:00,186797.00
2020-03-06 11:00:00,192424.00
2020-03-06 12:00:00,144998.00
2020-03-06 13:00:00,130276.00
2020-03-06 14:00:00,156444.00
2020-03-06 15:00:00,150122.00
2020-03-06 16:00:00,126538.00
2020-03-06 17:00:00,64974.00
2020-03-06 18:00:00,49267.00
2020-03-06 19:00:00,20633.00
2020-03-06 20:00:00,6726.00
2020-03-06 21:00:00,5680.00
2020-03-06 22:00:00,7709.00
2020-03-06 23:00:00,7423.00
2020-03-07 00:00:00,4179.00
2020-03-07 01:00:00,3667.00
2020-03-07 02:00:00,3349.00
2020-03-07 03:00:00,3421.00
2020-03-07 04:00:00,4692.00
2020-03-07 05:00:00,4424.00
2020-03-07 06:00:00,3630.00
2020-03-07 07:00:00,3802.00
2020-03-07 08:00:00,5548.00
2020-03-07 09:00:00,6350.00
2020-03-07 10:00:00,4913.00
2020-03-07 11:00:00,5293.00
2020-03-07 12:00:00,5952.00
2020-03-07 13:00:00,6877.00
2020-03-07 14:00:00,7571.00
2020-03-07 15:00:00,6856.00
2020-03-07 16:00:00,5585.00
2020-03-07 17:00:00,6395.00
2020-03-07 18:00:00,9156.00
2020-03-07 19:00:00,10756.00
2020-03-07 20:00:00,8601.00
2020-03-07 21:00:00,6842.00
2020-03-07 22:00:00,7334.00
2020-03-07 23:00:00,3624.00
2020-03-08 00:00:00,2192.00
2020-03-08 01:00:00,2135.00
2020-03-08 02:00:00,2091.00
2020-03-08 03:00:00,2120.00
2020-03-08 04:00:00,2820.00
2020-03-08 05:00:00,2622.00
2020-03-08 06:00:00,11512.00
2020-03-08 07:00:00,1467.00
2020-03-08 08:00:00,1015.00
2020-03-08 09:00:00,4883.00
2020-03-08 10:00:00,8611.00
2020-03-08 11:00:00,7206.00
2020-03-08 12:00:00,7279.00
2020-03-08 13:00:00,17141.00
2020-03-08 14:00:00,11927.00
2020-03-08 15:00:00,8499.00
2020-03-08 16:00:00,11181.00
2020-03-08 17:00:00,14585.00
2020-03-08 18:00:00,16793.00
2020-03-08 19:00:00,10457.00
2020-03-08 20:00:00,6778.00
2020-03-08 21:00:00,9946.00
2020-03-08 22:00:00,11615.00
2020-03-08 23:00:00,9004.00
2020-03-09 00:00:00,6065.00
2020-03-09 01:00:00,2577.00
2020-03-09 02:00:00,3244.00
2020-03-09 03:00:00,7132.00
2020-03-09 04:00:00,7216.00
2020-03-09 05:00:00,25118.00
2020-03-09 06:00:00,47769.00
2020-03-09 07:00:00,76533.00
2020-03-09 08:00:00,110941.00
2020-03-09 09:00:00,177416.00
2020-03-09 10:00:00,225823.00
2020-03-09 11:00:00,192882.00
2020-03-09 12:00:00,130181.00
2020-03-09 13:00:00,148573.00
2020-03-09 14:00:00,166793.00
2020-03-09 15:00:00,146870.00
2020-03-09 16:00:00,133151.00
2020-03-09 17:00:00,145754.00
2020-03-09 18:00:00,70086.00
2020-03-09 19:00:00,33516.00
2020-03-09 20:00:00,23652.00
2020-03-09 21:00:00,13280.00
2020-03-09 22:00:00,11716.00
2020-03-09 23:00:00,9694.00
2020-03-10 00:00:00,7274.00
2020-03-10 01:00:00,8021.00
2020-03-10 02:00:00,7493.00
2020-03-10 03:00:00,7902.00
2020-03-10 04:00:00,9409.00
2020-03-10 05:00:00,19790.00
2020-03-10 06:00:00,23934.00
2020-03-10 07:00:00,33379.00
2020-03-10 08:00:00,70483.00
2020-03-10 09:00:00,150570.00
2020-03-10 10:00:00,179339.00
2020-03-10 11:00:00,173066.00
2020-03-10 12:00:00,102697.00
2020-03-10 13:00:00,109574.00
2020-03-10 14:00:00,167681.00
2020-03-10 15:00:00,130167.00
2020-03-10 16:00:00,135136.00
2020-03-10 17:00:00,113555.00
2020-03-10 18:00:00,49979.00
2020-03-10 19:00:00,29318.00
2020-03-10 20:00:00,14825.00
2020-03-10 21:00:00,11913.00
2020-03-10 22:00:00,10769.00
2020-03-10 23:00:00,8955.00
2020-03-11 00:00:00,6356.00
2020-03-11 01:00:00,5385.00
2020-03-11 02:00:00,5366.00
2020-03-11 03:00:00,6888.00
2020-03-11 04:00:00,11072.00
2020-03-11 05:00:00,16356.00
2020-03-11 06:00:00,53812.00
2020-03-11 07:00:00,68602.00
2020-03-11 08:00:00,90928.00
2020-03-11 09:00:00,142018.00
2020-03-11 10:00:00,192292.00
2020-03-11 11:00:00,171381.00
2020-03-11 12:00:00,116650.00
2020-03-11 13:00:00,120206.00
2020-03-11 14:00:00,157257.00
2020-03-11 15:00:00,176556.00
2020-03-11 16:00:00,153373.00
2020-03-11 17:00:00,133751.00
2020-03-11 18:00:00,81298.00
2020-03-11 19:00:00,20688.00
2020-03-11 20:00:00,11224.00
2020-03-11 21:00:00,8679.00
2020-03-11 22:00:00,14173.00
2020-03-11 23:00:00,8020.00
2020-03-12 00:00:00,6519.00
2020-03-12 01:00:00,6304.00
2020-03-12 02:00:00,4875.00
2020-03-12 03:00:00,6760.00
2020-03-12 04:00:00,7859.00
2020-03-12 05:00:00,18153.00
2020-03-12 06:00:00,36518.00
2020-03-12 07:00:00,74290.00
2020-03-12 08:00:00,85938.00
2020-03-12 09:00:00,160600.00
2020-03-12 10:00:00,200537.00
2020-03-12 11:00:00,166688.00
2020-03-12 12:00:00,120167.00
2020-03-12 13:00:00,134583.00
2020-03-12 14:00:00,171560.00
2020-03-12 15:00:00,142351.00
2020-03-12 16:00:00,128857.00
2020-03-12 17:00:00,104228.00
2020-03-12 18:00:00,46964.00
2020-03-12 19:00:00,23978.00
2020-03-12 20:00:00,15678.00
2020-03-12 21:00:00,9357.00
2020-03-12 22:00:00,8358.00
2020-03-12 23:00:00,9335.00
2020-03-13 00:00:00,8271.00
2020-03-13 01:00:00,9507.00
2020-03-13 02:00:00,8095.00
2020-03-13 03:00:00,8716.00
2020-03-13 04:00:00,11965.00
2020-03-13 05:00:00,28097.00
2020-03-13 06:00:00,57588.00
2020-03-13 07:00:00,87848.00
2020-03-13 08:00:00,117848.00
2020-03-13 09:00:00,160038.00
2020-03-13 10:00:00,191525.00
2020-03-13 11:00:00,187900.00
2020-03-13 12:00:00,138219.00
2020-03-13 13:00:00,128085.00
2020-03-13 14:00:00,170807.00
2020-03-13 15:00:00,110075.00
2020-03-13 16:00:00,106212.00
2020-03-13 17:00:00,72720.00
2020-03-13 18:00:00,29074.00
2020-03-13 19:00:00,13841.00
2020-03-13 20:00:00,6374.00
2020-03-13 21:00:00,5991.00
2020-03-13 22:00:00,7744.00
2020-03-13 23:00:00,5139.00
2020-03-14 00:00:00,3923.00
2020-03-14 01:00:00,4025.00
2020-03-14 02:00:00,3132.00
2020-03-14 03:00:00,3183.00
2020-03-14 04:00:00,4348.00
2020-03-14 05:00:00,5998.00
2020-03-14 06:00:00,12766.00
2020-03-14 07:00:00,10896.00
2020-03-14 08:00:00,8196.00
2020-03-14 09:00:00,10419.00
2020-03-14 10:00:00,6836.00
2020-03-14 11:00:00,5808.00
2020-03-14 12:00:00,6645.00
2020-03-14 13:00:00,4540.00
2020-03-14 14:00:00,6307.00
2020-03-14 15:00:00,6026.00
2020-03-14 16:00:00,7470.00
2020-03-14 17:00:00,5871.00
2020-03-14 18:00:00,4365.00
2020-03-14 19:00:00,4512.00
2020-03-14 20:00:00,3839.00
2020-03-14 21:00:00,2394.00
2020-03-14 22:00:00,3101.00
2020-03-14 23:00:00,3748.00
2020-03-15 00:00:00,3309.00
2020-03-15 01:00:00,3370.00
2020-03-15 02:00:00,3357.00
2020-03-15 03:00:00,3258.00
2020-03-15 04:00:00,3527.00
2020-03-15 05:00:00,5312.00
2020-03-15 06:00:00,4483.00
2020-03-15 07:00:00,4402.00
2020-03-15 08:00:00,6484.00
2020-03-15 09:00:00,4558.00
2020-03-15 10:00:00,8599.00
2020-03-15 11:00:00,7067.00
2020-03-15 12:00:00,5116.00
2020-03-15 13:00:00,7062.00
2020-03-15 14:00:00,5405.00
2020-03-15 15:00:00,8532.00
2020-03-15 16:00:00,10732.00
2020-03-15 17:00:00,15735.00
2020-03-15 18:00:00,11419.00
2020-03-15 19:00:00,8022.00
2020-03-15 20:00:00,5043.00
2020-03-15 21:00:00,5472.00
2020-03-15 22:00:00,7723.00
2020-03-15 23:00:00,4139.00
2020-03-16 00:00:00,3068.00
2020-03-16 01:00:00,5254.00
2020-03-16 02:00:00,4501.00
2020-03-16 03:00:00,4377.00
2020-03-16 04:00:00,7517.00
2020-03-16 05:00:00,19188.00
2020-03-16 06:00:00,34834.00
2020-03-16 07:00:00,66848.00
2020-03-16 08:00:00,103170.00
2020-03-16 09:00:00,144371.00
2020-03-16 10:00:00,190780.00
2020-03-16 11:00:00,177082.00
2020-03-16 12:00:00,127063.00
2020-03-16 13:00:00,124191.00
2020-03-16 14:00:00,184516.00
2020-03-16 15:00:00,158669.00
2020-03-16 16:00:00,124341.00
2020-03-16 17:00:00,109592.00
2020-03-16 18:00:00,72609.00
2020-03-16 19:00:00,31283.00
2020-03-16 20:00:00,16848.00
2020-03-16 21:00:00,28005.00
2020-03-16 22:00:00,26034.00
2020-03-16 23:00:00,21652.00
2020-03-17 00:00:00,15931.00
2020-03-17 01:00:00,6801.00
2020-03-17 02:00:00,9188.00
2020-03-17 03:00:00,7603.00
2020-03-17 04:00:00,9190.00
2020-03-17 05:00:00,24474.00
2020-03-17 06:00:00,42745.00
2020-03-17 07:00:00,74243.00
2020-03-17 08:00:00,106730.00
2020-03-17 09:00:00,137975.00
2020-03-17 10:00:00,161774.00
2020-03-17 11:00:00,165823.00
2020-03-17 12:00:00,143133.00
2020-03-17 13:00:00,119700.00
2020-03-17 14:00:00,165170.00
2020-03-17 15:00:00,132161.00
2020-03-17 16:00:00,138093.00
2020-03-17 17:00:00,125573.00
2020-03-17 18:00:00,66817.00
2020-03-17 19:00:00,42513.00
2020-03-17 20:00:00,23907.00
2020-03-17 21:00:00,20144.00
2020-03-17 22:00:00,20453.00
2020-03-17 23:00:00,11034.00
2020-03-18 00:00:00,7154.00
2020-03-18 01:00:00,4752.00
2020-03-18 02:00:00,2960.00
2020-03-18 03:00:00,3949.00
2020-03-18 04:00:00,9402.00
2020-03-18 05:00:00,23229.00
2020-03-18 06:00:00,57640.00
2020-03-18 07:00:00,71551.00
2020-03-18 08:00:00,85978.00
2020-03-18 09:00:00,150608.00
2020-03-18 10:00:00,177678.00
2020-03-18 11:00:00,172340.00
2020-03-18 12:00:00,128538.00
2020-03-18 13:00:00,114434.00
2020-03-18 14:00:00,137978.00
2020-03-18 15:00:00,155826.00
2020-03-18 16:00:00,142551.00
2020-03-18 17:00:00,118412.00
2020-03-18 18:00:00,54179.00
2020-03-18 19:00:00,37198.00
2020-03-18 20:00:00,33430.00
2020-03-18 21:00:00,19253.00
2020-03-18 22:00:00,16295.00
2020-03-18 23:00:00,13097.00
2020-03-19 00:00:00,15767.00
2020-03-19 01:00:00,16510.00
2020-03-19 02:00:00,6635.00
2020-03-19 03:00:00,5683.00
2020-03-19 04:00:00,11096.00
2020-03-19 05:00:00,18007.00
2020-03-19 06:00:00,40974.00
2020-03-19 07:00:00,70126.00
2020-03-19 08:00:00,101557.00
2020-03-19 09:00:00,150712.00
2020-03-19 10:00:00,176691.00
2020-03-19 11:00:00,158504.00
2020-03-19 12:00:00,126911.00
2020-03-19 13:00:00,117155.00
2020-03-19 14:00:00,164064.00
2020-03-19 15:00:00,161546.00
2020-03-19 16:00:00,135673.00
2020-03-19 17:00:00,136922.00
2020-03-19 18:00:00,70632.00
2020-03-19 19:00:00,42435.00
2020-03-19 20:00:00,35337.00
2020-03-19 21:00:00,20940.00
2020-03-19 22:00:00,17228.00
2020-03-19 23:00:00,17180.00
2020-03-20 00:00:00,9422.00
2020-03-20 01:00:00,5448.00
2020-03-20 02:00:00,7324.00
2020-03-20 03:00:00,6772.00
2020-03-20 04:00:00,8283.00
2020-03-20 05:00:00,23183.00
2020-03-20 06:00:00,46822.00
2020-03-20 07:00:00,86599.00
2020-03-20 08:00:00,118934.00
2020-03-20 09:00:00,172251.00
2020-03-20 10:00:00,183463.00
2020-03-20 11:00:00,192586.00
2020-03-20 12:00:00,144240.00
2020-03-20 13:00:00,119682.00
2020-03-20 14:00:00,180395.00
2020-03-20 15:00:00,170512.00
2020-03-20 16:00:00,128959.00
2020-03-20 17:00:00,93379.00
2020-03-20 18:00:00,50161.00
2020-03-20 19:00:00,25245.00
2020-03-20 20:00:00,13925.00
2020-03-20 21:00:00,10522.00
2020-03-20 22:00:00,7732.00
2020-03-20 23:00:00,6913.00
2020-03-21 00:00:00,6333.00
2020-03-21 01:00:00,6353.00
2020-03-21 02:00:00,4844.00
2020-03-21 03:00:00,3616.00
2020-03-21 04:00:00,5728.00
2020-03-21 05:00:00,8548.00
2020-03-21 06:00:00,6031.00
2020-03-21 07:00:00,4508.00
2020-03-21 08:00:00,6390.00
2020-03-21 09:00:00,5208.00
2020-03-21 10:00:00,6853.00
2020-03-21 11:00:00,7429.00
2020-03-21 12:00:00,8752.00
2020-03-21 13:00:00,7679.00
2020-03-21 14:00:00,10548.00
2020-03-21 15:00:00,9688.00
2020-03-21 16:00:00,8083.00
2020-03-21 17:00:00,7527.00
2020-03-21 18:00:00,6722.00
2020-03-21 19:00:00,11162.00
2020-03-21 20:00:00,10750.00
2020-03-21 21:00:00,8807.00
2020-03-21 22:00:00,5695.00
2020-03-21 23:00:00,5566.00
2020-03-22 00:00:00,4858.00
2020-03-22 01:00:00,3424.00
2020-03-22 02:00:00,3560.00
2020-03-22 03:00:00,2872.00
2020-03-22 04:00:00,3168.00
2020-03-22 05:00:00,2987.00
2020-03-22 06:00:00,3790.00
2020-03-22 07:00:00,6998.00
2020-03-22 08:00:00,10476.00
2020-03-22 09:00:00,7619.00
2020-03-22 10:00:00,11410.00
2020-03-22 11:00:00,10239.00
2020-03-22 12:00:00,8909.00
2020-03-22 13:00:00,6855.00
2020-03-22 14:00:00,9696.00
2020-03-22 15:00:00,10490.00
2020-03-22 16:00:00,13501.00
2020-03-22 17:00:00,14202.00
2020-03-22 18:00:00,20489.00
2020-03-22 19:00:00,19013.00
2020-03-22 20:00:00,13970.00
2020-03-22 21:00:00,8515.00
2020-03-22 22:00:00,9180.00
2020-03-22 23:00:00,9534.00
2020-03-23 00:00:00,4939.00
2020-03-23 01:00:00,4738.00
2020-03-23 02:00:00,3347.00
2020-03-23 03:00:00,3137.00
2020-03-23 04:00:00,8017.00
2020-03-23 05:00:00,17939.00
2020-03-23 06:00:00,45871.00
2020-03-23 07:00:00,78848.00
2020-03-23 08:00:00,116613.00
2020-03-23 09:00:00,167995.00
2020-03-23 10:00:00,201519.00
2020-03-23 11:00:00,213057.00
2020-03-23 12:00:00,173693.00
2020-03-23 13:00:00,127663.00
2020-03-23 14:00:00,177911.00
2020-03-23 15:00:00,179018.00
2020-03-23 16:00:00,176474.00
2020-03-23 17:00:00,147900.00
2020-03-23 18:00:00,91572.00
2020-03-23 19:00:00,33779.00
2020-03-23 20:00:00,28028.00
2020-03-23 21:00:00,20958.00
2020-03-23 22:00:00,18855.00
2020-03-23 23:00:00,13307.00
2020-03-24 00:00:00,10769.00
2020-03-24 01:00:00,6714.00
2020-03-24 02:00:00,3692.00
2020-03-24 03:00:00,10106.00
2020-03-24 04:00:00,10516.00
2020-03-24 05:00:00,27177.00
2020-03-24 06:00:00,50744.00
2020-03-24 07:00:00,78663.00
2020-03-24 08:00:00,113962.00
2020-03-24 09:00:00,168118.00
2020-03-24 10:00:00,170104.00
2020-03-24 11:00:00,176573.00
2020-03-24 12:00:00,124628.00
2020-03-24 13:00:00,104920.00
2020-03-24 14:00:00,138536.00
2020-03-24 15:00:00,154938.00
2020-03-24 16:00:00,160599.00
2020-03-24 17:00:00,140301.00
2020-03-24 18:00:00,63700.00
2020-03-24 19:00:00,34608.00
2020-03-24 20:00:00,16373.00
2020-03-24 21:00:00,10750.00
2020-03-24 22:00:00,12858.00
2020-03-24 23:00:00,14845.00
2020-03-25 00:00:00,5930.00
2020-03-25 01:00:00,3590.00
2020-03-25 02:00:00,4627.00
2020-03-25 03:00:00,5722.00
2020-03-25 04:00:00,8076.00
2020-03-25 05:00:00,10456.00
2020-03-25 06:00:00,14386.00
2020-03-25 07:00:00,25178.00
2020-03-25 08:00:00,63014.00
2020-03-25 09:00:00,138638.00
2020-03-25 10:00:00,139805.00
2020-03-25 11:00:00,149717.00
2020-03-25 12:00:00,101883.00
2020-03-25 13:00:00,84143.00
2020-03-25 14:00:00,123476.00
2020-03-25 15:00:00,126435.00
2020-03-25 16:00:00,107527.00
2020-03-25 17:00:00,124976.00
2020-03-25 18:00:00,63289.00
2020-03-25 19:00:00,29642.00
2020-03-25 20:00:00,15346.00
2020-03-25 21:00:00,12229.00
2020-03-25 22:00:00,10379.00
2020-03-25 23:00:00,6192.00
2020-03-26 00:00:00,4507.00
2020-03-26 01:00:00,4377.00
2020-03-26 02:00:00,2715.00
2020-03-26 03:00:00,11430.00
2020-03-26 04:00:00,12183.00
2020-03-26 05:00:00,19743.00
2020-03-26 06:00:00,34152.00
2020-03-26 07:00:00,67790.00
2020-03-26 08:00:00,105712.00
2020-03-26 09:00:00,163148.00
2020-03-26 10:00:00,190771.00
2020-03-26 11:00:00,163743.00
2020-03-26 12:00:00,130492.00
2020-03-26 13:00:00,112372.00
2020-03-26 14:00:00,143131.00
2020-03-26 15:00:00,153672.00
2020-03-26 16:00:00,151528.00
2020-03-26 17:00:00,135852.00
2020-03-26 18:00:00,80166.00
2020-03-26 19:00:00,32557.00
2020-03-26 20:00:00,23198.00
2020-03-26 21:00:00,14209.00
2020-03-26 22:00:00,8528.00
2020-03-26 23:00:00,7803.00
2020-03-27 00:00:00,5599.00
2020-03-27 01:00:00,4886.00
2020-03-27 02:00:00,4226.00
2020-03-27 03:00:00,3573.00
2020-03-27 04:00:00,8545.00
2020-03-27 05:00:00,25482.00
2020-03-27 06:00:00,55489.00
2020-03-27 07:00:00,86015.00
2020-03-27 08:00:00,133818.00
2020-03-27 09:00:00,162583.00
2020-03-27 10:00:00,179590.00
2020-03-27 11:00:00,209158.00
2020-03-27 12:00:00,148122.00
2020-03-27 13:00:00,134265.00
2020-03-27 14:00:00,178482.00
2020-03-27 15:00:00,168407.00
2020-03-27 16:00:00,146154.00
2020-03-27 17:00:00,101641.00
2020-03-27 18:00:00,43851.00
2020-03-27 19:00:00,15289.00
2020-03-27 20:00:00,14113.00
2020-03-27 21:00:00,14108.00
2020-03-27 22:00:00,19041.00
2020-03-27 23:00:00,16504.00
2020-03-28 00:00:00,9725.00
2020-03-28 01:00:00,5469.00
2020-03-28 02:00:00,3738.00
2020-03-28 03:00:00,4347.00
2020-03-28 04:00:00,3216.00
2020-03-28 05:00:00,3401.00
2020-03-28 06:00:00,6665.00
2020-03-28 07:00:00,8274.00
2020-03-28 08:00:00,9352.00
2020-03-28 09:00:00,6054.00
2020-03-28 10:00:00,6719.00
2020-03-28 11:00:00,7764.00
2020-03-28 12:00:00,9544.00
2020-03-28 13:00:00,8192.00
2020-03-28 14:00:00,5042.00
2020-03-28 15:00:00,9164.00
2020-03-28 16:00:00,5402.00
2020-03-28 17:00:00,3416.00
2020-03-28 18:00:00,9548.00
2020-03-28 19:00:00,5377.00
2020-03-28 20:00:00,5965.00
2020-03-28 21:00:00,4366.00
2020-03-28 22:00:00,2587.00
2020-03-28 23:00:00,2454.00
2020-03-29 00:00:00,2320.00
2020-03-29 01:00:00,2345.00
2020-03-29 03:00:00,2408.00
2020-03-29 04:00:00,3760.00
2020-03-29 05:00:00,3213.00
2020-03-29 06:00:00,5058.00
2020-03-29 07:00:00,3375.00
2020-03-29 08:00:00,3892.00
2020-03-29 09:00:00,3045.00
2020-03-29 10:00:00,3169.00
2020-03-29 11:00:00,5671.00
2020-03-29 12:00:00,7788.00
2020-03-29 13:00:00,8288.00
2020-03-29 14:00:00,3700.00
2020-03-29 15:00:00,8337.00
2020-03-29 16:00:00,14958.00
2020-03-29 17:00:00,12656.00
2020-03-29 18:00:00,9778.00
2020-03-29 19:00:00,7499.00
2020-03-29 20:00:00,7688.00
2020-03-29 21:00:00,10980.00
2020-03-29 22:00:00,7763.00
2020-03-29 23:00:00,7572.00
2020-03-30 00:00:00,7639.00
2020-03-30 01:00:00,6302.00
2020-03-30 02:00:00,4503.00
2020-03-30 03:00:00,5859.00
2020-03-30 04:00:00,10514.00
2020-03-30 05:00:00,17817.00
2020-03-30 06:00:00,31516.00
2020-03-30 07:00:00,62296.00
2020-03-30 08:00:00,112614.00
2020-03-30 09:00:00,150543.00
2020-03-30 10:00:00,184621.00
2020-03-30 11:00:00,177432.00
2020-03-30 12:00:00,133396.00
2020-03-30 13:00:00,141708.00
2020-03-30 14:00:00,178616.00
2020-03-30 15:00:00,170496.00
2020-03-30 16:00:00,159024.00
2020-03-30 17:00:00,139648.00
2020-03-30 18:00:00,98208.00
2020-03-30 19:00:00,61123.00
2020-03-30 20:00:00,27851.00
2020-03-30 21:00:00,16816.00
2020-03-30 22:00:00,14074.00
2020-03-30 23:00:00,31905.00
2020-03-31 00:00:00,12146.00
2020-03-31 01:00:00,8080.00
2020-03-31 02:00:00,6544.00
2020-03-31 03:00:00,5479.00
2020-03-31 04:00:00,6527.00
2020-03-31 05:00:00,11121.00
2020-03-31 06:00:00,30200.00
2020-03-31 07:00:00,74698.00
2020-03-31 08:00:00,132300.00
2020-03-31 09:00:00,178467.00
2020-03-31 10:00:00,202586.00
2020-03-31 11:00:00,198894.00
2020-03-31 12:00:00,151193.00
2020-03-31 13:00:00,141148.00
2020-03-31 14:00:00,178528.00
2020-03-31 15:00:00,174734.00
2020-03-31 16:00:00,163595.00
2020-03-31 17:00:00,143265.00
2020-03-31 18:00:00,69888.00
2020-03-31 19:00:00,40232.00
2020-03-31 20:00:00,29027.00
2020-03-31 21:00:00,21210.00
2020-03-31 22:00:00,14561.00
2020-03-31 23:00:00,12320.00
2020-04-01 00:00:00,8690.00
2020-04-01 01:00:00,6385.00
2020-04-01 02:00:00,5599.00
2020-04-01 03:00:00,4828.00
2020-04-01 04:00:00,6489.00
2020-04-01 05:00:00,27092.00
2020-04-01 06:00:00,35153.00
2020-04-01 07:00:00,56592.00
2020-04-01 08:00:00,126480.00
2020-04-01 09:00:00,189107.00
2020-04-01 10:00:00,202714.00
2020-04-01 11:00:00,167923.00
2020-04-01 12:00:00,143257.00
2020-04-01 13:00:00,118558.00
2020-04-01 14:00:00,161405.00
2020-04-01 15:00:00,194345.00
2020-04-01 16:00:00,176608.00
2020-04-01 17:00:00,165850.00
2020-04-01 18:00:00,79121.00
2020-04-01 19:00:00,42520.00
2020-04-01 20:00:00,31934.00
2020-04-01 21:00:00,23155.00
2020-04-01 22:00:00,16414.00
2020-04-01 23:00:00,13778.00
2020-04-02 00:00:00,12679.00
2020-04-02 01:00:00,9691.00
2020-04-02 02:00:00,15037.00
2020-04-02 03:00:00,13443.00
2020-04-02 04:00:00,17703.00
2020-04-02 05:00:00,22190.00
2020-04-02 06:00:00,34966.00
2020-04-02 07:00:00,71450.00
2020-04-02 08:00:00,128983.00
2020-04-02 09:00:00,184440.00
2020-04-02 10:00:00,214161.00
2020-04-02 11:00:00,200123.00
2020-04-02 12:00:00,173430.00
2020-04-02 13:00:00,149538.00
2020-04-02 14:00:00,180437.00
2020-04-02 15:00:00,177998.00
2020-04-02 16:00:00,176044.00
2020-04-02 17:00:00,160972.00
2020-04-02 18:00:00,90427.00
2020-04-02 19:00:00,29706.00
2020-04-02 20:00:00,27686.00
2020-04-02 21:00:00,19415.00
2020-04-02 22:00:00,21122.00
2020-04-02 23:00:00,13374.00
2020-04-03 00:00:00,13401.00
2020-04-03 01:00:00,11466.00
2020-04-03 02:00:00,9579.00
2020-04-03 03:00:00,11120.00
2020-04-03 04:00:00,10166.00
2020-04-03 05:00:00,16562.00
2020-04-03 06:00:00,41616.00
2020-04-03 07:00:00,86087.00
2020-04-03 08:00:00,139650.00
2020-04-03 09:00:00,170366.00
2020-04-03 10:00:00,187847.00
2020-04-03 11:00:00,193198.00
2020-04-03 12:00:00,154081.00
2020-04-03 13:00:00,150847.00
2020-04-03 14:00:00,178557.00
2020-04-03 15:00:00,168173.00
2020-04-03 16:00:00,129577.00
2020-04-03 17:00:00,88840.00
2020-04-03 18:00:00,53489.00
2020-04-03 19:00:00,29551.00
2020-04-03 20:00:00,15192.00
2020-04-03 21:00:00,17065.00
2020-04-03 22:00:00,26047.00
2020-04-03 23:00:00,12522.00
2020-04-04 00:00:00,10214.00
2020-04-04 01:00:00,7660.00
2020-04-04 02:00:00,8186.00
2020-04-04 03:00:00,4872.00
2020-04-04 04:00:00,4703.00
2020-04-04 05:00:00,4143.00
2020-04-04 06:00:00,3060.00
2020-04-04 07:00:00,4922.00
2020-04-04 08:00:00,7665.00
2020-04-04 09:00:00,12499.00
2020-04-04 10:00:00,7992.00
2020-04-04 11:00:00,6209.00
2020-04-04 12:00:00,9594.00
2020-04-04 13:00:00,11948.00
2020-04-04 14:00:00,13599.00
2020-04-04 15:00:00,18289.00
2020-04-04 16:00:00,18418.00
2020-04-04 17:00:00,12293.00
2020-04-04 18:00:00,9421.00
2020-04-04 19:00:00,11309.00
2020-04-04 20:00:00,12431.00
2020-04-04 21:00:00,10909.00
2020-04-04 22:00:00,8237.00
2020-04-04 23:00:00,8182.00
2020-04-05 00:00:00,4825.00
2020-04-05 01:00:00,2977.00
2020-04-05 02:00:00,3370.00
2020-04-05 03:00:00,3028.00
2020-04-05 04:00:00,3031.00
2020-04-05 05:00:00,3044.00
2020-04-05 06:00:00,3023.00
2020-04-05 07:00:00,3430.00
2020-04-05 08:00:00,6715.00
2020-04-05 09:00:00,6414.00
2020-04-05 10:00:00,7138.00
2020-04-05 11:00:00,7217.00
2020-04-05 12:00:00,11190.00
2020-04-05 13:00:00,8336.00
2020-04-05 14:00:00,7878.00
2020-04-05 15:00:00,7981.00
2020-04-05 16:00:00,6107.00
2020-04-05 17:00:00,9179.00
2020-04-05 18:00:00,6438.00
2020-04-05 19:00:00,5925.00
2020-04-05 20:00:00,9494.00
2020-04-05 21:00:00,8349.00
2020-04-05 22:00:00,9289.00
2020-04-05 23:00:00,7409.00
2020-04-06 00:00:00,7176.00
2020-04-06 01:00:00,6130.00
2020-04-06 02:00:00,6646.00
2020-04-06 03:00:00,7288.00
2020-04-06 04:00:00,8895.00
2020-04-06 05:00:00,20159.00
2020-04-06 06:00:00,31907.00
2020-04-06 07:00:00,72797.00
2020-04-06 08:00:00,112028.00
2020-04-06 09:00:00,180575.00
2020-04-06 10:00:00,185159.00
2020-04-06 11:00:00,225836.00
2020-04-06 12:00:00,169386.00
2020-04-06 13:00:00,126657.00
2020-04-06 14:00:00,186981.00
2020-04-06 15:00:00,163701.00
2020-04-06 16:00:00,175674.00
2020-04-06 17:00:00,148766.00
2020-04-06 18:00:00,102298.00
2020-04-06 19:00:00,38318.00
2020-04-06 20:00:00,21579.00
2020-04-06 21:00:00,19143.00
2020-04-06 22:00:00,16534.00
2020-04-06 23:00:00,10140.00
2020-04-07 00:00:00,8155.00
2020-04-07 01:00:00,9323.00
2020-04-07 02:00:00,10134.00
2020-04-07 03:00:00,13370.00
2020-04-07 04:00:00,13455.00
2020-04-07 05:00:00,14913.00
2020-04-07 06:00:00,33957.00
2020-04-07 07:00:00,64994.00
2020-04-07 08:00:00,110478.00
2020-04-07 09:00:00,172109.00
2020-04-07 10:00:00,192659.00
2020-04-07 11:00:00,172310.00
2020-04-07 12:00:00,136572.00
2020-04-07 13:00:00,115693.00
2020-04-07 14:00:00,178439.00
2020-04-07 15:00:00,175264.00
2020-04-07 16:00:00,152167.00
2020-04-07 17:00:00,135625.00
2020-04-07 18:00:00,68560.00
2020-04-07 19:00:00,35207.00
2020-04-07 20:00:00,19101.00
2020-04-07 21:00:00,18543.00
2020-04-07 22:00:00,12309.00
2020-04-07 23:00:00,11127.00
2020-04-08 00:00:00,14751.00
2020-04-08 01:00:00,6002.00
2020-04-08 02:00:00,5136.00
2020-04-08 03:00:00,6649.00
2020-04-08 04:00:00,12764.00
2020-04-08 05:00:00,32954.00
2020-04-08 06:00:00,47382.00
2020-04-08 07:00:00,67236.00
2020-04-08 08:00:00,129443.00
2020-04-08 09:00:00,184297.00
2020-04-08 10:00:00,156093.00
2020-04-08 11:00:00,197745.00
2020-04-08 12:00:00,134611.00
2020-04-08 13:00:00,112480.00
2020-04-08 14:00:00,149456.00
2020-04-08 15:00:00,175806.00
2020-04-08 16:00:00,209968.00
2020-04-08 17:00:00,162757.00
2020-04-08 18:00:00,91885.00
2020-04-08 19:00:00,51390.00
2020-04-08 20:00:00,30198.00
2020-04-08 21:00:00,12077.00
2020-04-08 22:00:00,19882.00
2020-04-08 23:00:00,14422.00
2020-04-09 00:00:00,11854.00
2020-04-09 01:00:00,7389.00
2020-04-09 02:00:00,6050.00
2020-04-09 03:00:00,6537.00
2020-04-09 04:00:00,9389.00
2020-04-09 05:00:00,20074.00
2020-04-09 06:00:00,34705.00
2020-04-09 07:00:00,61826.00
2020-04-09 08:00:00,103996.00
2020-04-09 09:00:00,155533.00
2020-04-09 10:00:00,177571.00
2020-04-09 11:00:00,191058.00
2020-04-09 12:00:00,138737.00
2020-04-09 13:00:00,143104.00
2020-04-09 14:00:00,197692.00
2020-04-09 15:00:00,166962.00
2020-04-09 16:00:00,153462.00
2020-04-09 17:00:00,120547.00
2020-04-09 18:00:00,77228.00
2020-04-09 19:00:00,52881.00
2020-04-09 20:00:00,29468.00
2020-04-09 21:00:00,22737.00
2020-04-09 22:00:00,9720.00
2020-04-09 23:00:00,7010.00
2020-04-10 00:00:00,6910.00
2020-04-10 01:00:00,5783.00
2020-04-10 02:00:00,3641.00
2020-04-10 03:00:00,6910.00
2020-04-10 04:00:00,9881.00
2020-04-10 05:00:00,12736.00
2020-04-10 06:00:00,39837.00
2020-04-10 07:00:00,72324.00
2020-04-10 08:00:00,111970.00
2020-04-10 09:00:00,146186.00
2020-04-10 10:00:00,153512.00
2020-04-10 11:00:00,154001.00
2020-04-10 12:00:00,98801.00
2020-04-10 13:00:00,104938.00
2020-04-10 14:00:00,167127.00
2020-04-10 15:00:00,169196.00
2020-04-10 16:00:00,142110.00
2020-04-10 17:00:00,104731.00
2020-04-10 18:00:00,72148.00
2020-04-10 19:00:00,31731.00
2020-04-10 20:00:00,22858.00
2020-04-10 21:00:00,14168.00
2020-04-10 22:00:00,13410.00
2020-04-10 23:00:00,5801.00
2020-04-11 00:00:00,5746.00
2020-04-11 01:00:00,5465.00
2020-04-11 02:00:00,4937.00
2020-04-11 03:00:00,6067.00
2020-04-11 04:00:00,5835.00
2020-04-11 05:00:00,5961.00
2020-04-11 06:00:00,7182.00
2020-04-11 07:00:00,8383.00
2020-04-11 08:00:00,8019.00
2020-04-11 09:00:00,6778.00
2020-04-11 10:00:00,6506.00
2020-04-11 11:00:00,12941.00
2020-04-11 12:00:00,17878.00
2020-04-11 13:00:00,20567.00
2020-04-11 14:00:00,21745.00
2020-04-11 15:00:00,17022.00
2020-04-11 16:00:00,16604.00
2020-04-11 17:00:00,13329.00
2020-04-11 18:00:00,10104.00
2020-04-11 19:00:00,15820.00
2020-04-11 20:00:00,26810.00
2020-04-11 21:00:00,13942.00
2020-04-11 22:00:00,11346.00
2020-04-11 23:00:00,9164.00
2020-04-12 00:00:00,7756.00
2020-04-12 01:00:00,4913.00
2020-04-12 02:00:00,4813.00
2020-04-12 03:00:00,6445.00
2020-04-12 04:00:00,6730.00
2020-04-12 05:00:00,6908.00
2020-04-12 06:00:00,7494.00
2020-04-12 07:00:00,5735.00
2020-04-12 08:00:00,6780.00
2020-04-12 09:00:00,9959.00
2020-04-12 10:00:00,17627.00
2020-04-12 11:00:00,11048.00
2020-04-12 12:00:00,8985.00
2020-04-12 13:00:00,6670.00
2020-04-12 14:00:00,11054.00
2020-04-12 15:00:00,15747.00
2020-04-12 16:00:00,11540.00
2020-04-12 17:00:00,10950.00
2020-04-12 18:00:00,9777.00
2020-04-12 19:00:00,13524.00
2020-04-12 20:00:00,10291.00
2020-04-12 21:00:00,9502.00
2020-04-12 22:00:00,12502.00
2020-04-12 23:00:00,7161.00
2020-04-13 00:00:00,6255.00
2020-04-13 01:00:00,4412.00
2020-04-13 02:00:00,6750.00
2020-04-13 03:00:00,8572.00
2020-04-13 04:00:00,9675.00
2020-04-13 05:00:00,15494.00
2020-04-13 06:00:00,43172.00
2020-04-13 07:00:00,70644.00
2020-04-13 08:00:00,98387.00
2020-04-13 09:00:00,72022.00
2020-04-13 10:00:00,82865.00
2020-04-13 11:00:00,73844.00
2020-04-13 12:00:00,81335.00
2020-04-13 13:00:00,75734.00
2020-04-13 14:00:00,78095.00
2020-04-13 15:00:00,82487.00
2020-04-13 16:00:00,61538.00
2020-04-13 17:00:00,64801.00
2020-04-13 18:00:00,37659.00
2020-04-13 19:00:00,22346.00
2020-04-13 20:00:00,16248.00
2020-04-13 21:00:00,9427.00
2020-04-13 22:00:00,6054.00
2020-04-13 23:00:00,9572.00
2020-04-14 00:00:00,3558.00
2020-04-14 01:00:00,4237.00
2020-04-14 02:00:00,3309.00
2020-04-14 03:00:00,5276.00
2020-04-14 04:00:00,7955.00
2020-04-14 05:00:00,12525.00
2020-04-14 06:00:00,29277.00
2020-04-14 07:00:00,68366.00
2020-04-14 08:00:00,124171.00
2020-04-14 09:00:00,200001.00
2020-04-14 10:00:00,198000.00
2020-04-14 11:00:00,211730.00
2020-04-14 12:00:00,184439.00
2020-04-14 13:00:00,163631.00
2020-04-14 14:00:00,179049.00
2020-04-14 15:00:00,169015.00
2020-04-14 16:00:00,172507.00
2020-04-14 17:00:00,147134.00
2020-04-14 18:00:00,96592.00
2020-04-14 19:00:00,43437.00
2020-04-14 20:00:00,32403.00
2020-04-14 21:00:00,26644.00
2020-04-14 22:00:00,15319.00
2020-04-14 23:00:00,16236.00
2020-04-15 00:00:00,11466.00
2020-04-15 01:00:00,7103.00
2020-04-15 02:00:00,4674.00
2020-04-15 03:00:00,6268.00
2020-04-15 04:00:00,16334.00
2020-04-15 05:00:00,48872.00
2020-04-15 06:00:00,46142.00
2020-04-15 07:00:00,65484.00
2020-04-15 08:00:00,117813.00
2020-04-15 09:00:00,176957.00
2020-04-15 10:00:00,190528.00
2020-04-15 11:00:00,183297.00
2020-04-15 12:00:00,161391.00
2020-04-15 13:00:00,150986.00
2020-04-15 14:00:00,166846.00
2020-04-15 15:00:00,174855.00
2020-04-15 16:00:00,198728.00
2020-04-15 17:00:00,153567.00
2020-04-15 18:00:00,97884.00
2020-04-15 19:00:00,45590.00
2020-04-15 20:00:00,26307.00
2020-04-15 21:00:00,21966.00
2020-04-15 22:00:00,19871.00
2020-04-15 23:00:00,13592.00
2020-04-16 00:00:00,10483.00
2020-04-16 01:00:00,8608.00
2020-04-16 02:00:00,9046.00
2020-04-16 03:00:00,10505.00
2020-04-16 04:00:00,11978.00
2020-04-16 05:00:00,13933.00
2020-04-16 06:00:00,37784.00
2020-04-16 07:00:00,77643.00
2020-04-16 08:00:00,105086.00
2020-04-16 09:00:00,180118.00
2020-04-16 10:00:00,216742.00
2020-04-16 11:00:00,208347.00
2020-04-16 12:00:00,153660.00
2020-04-16 13:00:00,142872.00
2020-04-16 14:00:00,188602.00
2020-04-16 15:00:00,195893.00
2020-04-16 16:00:00,203072.00
2020-04-16 17:00:00,145136.00
2020-04-16 18:00:00,89678.00
2020-04-16 19:00:00,59559.00
2020-04-16 20:00:00,38204.00
2020-04-16 21:00:00,25980.00
2020-04-16 22:00:00,14789.00
2020-04-16 23:00:00,12634.00
2020-04-17 00:00:00,10503.00
2020-04-17 01:00:00,13225.00
2020-04-17 02:00:00,8052.00
2020-04-17 03:00:00,9745.00
2020-04-17 04:00:00,11971.00
2020-04-17 05:00:00,16030.00
2020-04-17 06:00:00,35855.00
2020-04-17 07:00:00,71605.00
2020-04-17 08:00:00,139096.00
2020-04-17 09:00:00,174247.00
2020-04-17 10:00:00,183577.00
2020-04-17 11:00:00,195134.00
2020-04-17 12:00:00,145574.00
2020-04-17 13:00:00,146207.00
2020-04-17 14:00:00,192845.00
2020-04-17 15:00:00,201192.00
2020-04-17 16:00:00,158031.00
2020-04-17 17:00:00,127470.00
2020-04-17 18:00:00,71442.00
2020-04-17 19:00:00,35868.00
2020-04-17 20:00:00,29759.00
2020-04-17 21:00:00,16334.00
2020-04-17 22:00:00,14087.00
2020-04-17 23:00:00,11940.00
2020-04-18 00:00:00,11817.00
2020-04-18 01:00:00,6879.00
2020-04-18 02:00:00,6725.00
2020-04-18 03:00:00,8150.00
2020-04-18 04:00:00,8673.00
2020-04-18 05:00:00,8897.00
2020-04-18 06:00:00,7985.00
2020-04-18 07:00:00,7798.00
2020-04-18 08:00:00,7396.00
2020-04-18 09:00:00,8127.00
2020-04-18 10:00:00,9602.00
2020-04-18 11:00:00,9789.00
2020-04-18 12:00:00,12410.00
2020-04-18 13:00:00,24865.00
2020-04-18 14:00:00,22149.00
2020-04-18 15:00:00,18531.00
2020-04-18 16:00:00,15148.00
2020-04-18 17:00:00,20551.00
2020-04-18 18:00:00,19557.00
2020-04-18 19:00:00,16933.00
2020-04-18 20:00:00,15439.00
2020-04-18 21:00:00,14014.00
2020-04-18 22:00:00,12233.00
2020-04-18 23:00:00,10368.00
2020-04-19 00:00:00,10728.00
2020-04-19 01:00:00,10418.00
2020-04-19 02:00:00,10674.00
2020-04-19 03:00:00,9124.00
2020-04-19 04:00:00,9947.00
2020-04-19 05:00:00,9616.00
2020-04-19 06:00:00,9745.00
2020-04-19 07:00:00,9194.00
2020-04-19 08:00:00,11671.00
2020-04-19 09:00:00,18980.00
2020-04-19 10:00:00,15550.00
2020-04-19 11:00:00,30813.00
2020-04-19 12:00:00,32629.00
2020-04-19 13:00:00,19817.00
2020-04-19 14:00:00,19654.00
2020-04-19 15:00:00,18007.00
2020-04-19 16:00:00,23110.00
2020-04-19 17:00:00,20832.00
2020-04-19 18:00:00,19873.00
2020-04-19 19:00:00,19940.00
2020-04-19 20:00:00,15519.00
2020-04-19 21:00:00,14374.00
2020-04-19 22:00:00,9608.00
2020-04-19 23:00:00,11169.00
2020-04-20 00:00:00,9179.00
2020-04-20 01:00:00,8237.00
2020-04-20 02:00:00,8281.00
2020-04-20 03:00:00,9157.00
2020-04-20 04:00:00,13071.00
2020-04-20 05:00:00,21293.00
2020-04-20 06:00:00,34960.00
2020-04-20 07:00:00,65737.00
2020-04-20 08:00:00,109663.00
2020-04-20 09:00:00,169638.00
2020-04-20 10:00:00,185905.00
2020-04-20 11:00:00,214760.00
2020-04-20 12:00:00,153401.00
2020-04-20 13:00:00,149992.00
2020-04-20 14:00:00,162575.00
2020-04-20 15:00:00,158576.00
2020-04-20 16:00:00,151705.00
2020-04-20 17:00:00,146695.00
2020-04-20 18:00:00,81807.00
2020-04-20 19:00:00,46498.00
2020-04-20 20:00:00,31822.00
2020-04-20 21:00:00,34513.00
2020-04-20 22:00:00,24314.00
2020-04-20 23:00:00,21954.00
2020-04-21 00:00:00,12291.00
2020-04-21 01:00:00,11728.00
2020-04-21 02:00:00,9535.00
2020-04-21 03:00:00,9213.00
2020-04-21 04:00:00,11320.00
2020-04-21 05:00:00,10088.00
2020-04-21 06:00:00,30033.00
2020-04-21 07:00:00,67223.00
2020-04-21 08:00:00,122295.00
2020-04-21 09:00:00,164363.00
2020-04-21 10:00:00,204875.00
2020-04-21 11:00:00,192448.00
2020-04-21 12:00:00,138001.00
2020-04-21 13:00:00,146719.00
2020-04-21 14:00:00,169550.00
2020-04-21 15:00:00,171999.00
2020-04-21 16:00:00,188043.00
2020-04-21 17:00:00,165438.00
2020-04-21 18:00:00,84061.00
2020-04-21 19:00:00,61348.00
2020-04-21 20:00:00,45697.00
2020-04-21 21:00:00,34458.00
2020-04-21 22:00:00,32260.00
2020-04-21 23:00:00,22913.00
2020-04-22 00:00:00,14672.00
2020-04-22 01:00:00,11900.00
2020-04-22 02:00:00,9921.00
2020-04-22 03:00:00,9934.00
2020-04-22 04:00:00,16285.00
2020-04-22 05:00:00,43758.00
2020-04-22 06:00:00,44268.00
2020-04-22 07:00:00,65328.00
2020-04-22 08:00:00,124828.00
2020-04-22 09:00:00,198037.00
2020-04-22 10:00:00,194190.00
2020-04-22 11:00:00,201654.00
2020-04-22 12:00:00,183444.00
2020-04-22 13:00:00,135913.00
2020-04-22 14:00:00,186185.00
2020-04-22 15:00:00,192461.00
2020-04-22 16:00:00,164234.00
2020-04-22 17:00:00,142262.00
2020-04-22 18:00:00,76674.00
2020-04-22 19:00:00,46730.00
2020-04-22 20:00:00,42364.00
2020-04-22 21:00:00,27380.00
2020-04-22 22:00:00,16597.00
2020-04-22 23:00:00,13279.00
2020-04-23 00:00:00,8097.00
2020-04-23 01:00:00,12618.00
2020-04-23 02:00:00,16503.00
2020-04-23 03:00:00,10622.00
2020-04-23 04:00:00,9144.00
2020-04-23 05:00:00,15299.00
2020-04-23 06:00:00,43463.00
2020-04-23 07:00:00,70257.00
2020-04-23 08:00:00,115183.00
2020-04-23 09:00:00,169251.00
2020-04-23 10:00:00,206532.00
2020-04-23 11:00:00,203483.00
2020-04-23 12:00:00,183367.00
2020-04-23 13:00:00,150018.00
2020-04-23 14:00:00,207482.00
2020-04-23 15:00:00,195452.00
2020-04-23 16:00:00,164884.00
2020-04-23 17:00:00,142760.00
2020-04-23 18:00:00,94723.00
2020-04-23 19:00:00,56488.00
2020-04-23 20:00:00,33901.00
2020-04-23 21:00:00,28119.00
2020-04-23 22:00:00,20981.00
2020-04-23 23:00:00,17621.00
2020-04-24 00:00:00,11413.00
2020-04-24 01:00:00,11766.00
2020-04-24 02:00:00,10895.00
2020-04-24 03:00:00,11368.00
2020-04-24 04:00:00,17066.00
2020-04-24 05:00:00,22352.00
2020-04-24 06:00:00,49350.00
2020-04-24 07:00:00,79539.00
2020-04-24 08:00:00,144065.00
2020-04-24 09:00:00,191379.00
2020-04-24 10:00:00,195872.00
2020-04-24 11:00:00,221397.00
2020-04-24 12:00:00,187592.00
2020-04-24 13:00:00,149898.00
2020-04-24 14:00:00,195025.00
2020-04-24 15:00:00,176053.00
2020-04-24 16:00:00,146802.00
2020-04-24 17:00:00,109994.00
2020-04-24 18:00:00,56089.00
2020-04-24 19:00:00,29818.00
2020-04-24 20:00:00,20072.00
2020-04-24 21:00:00,15918.00
2020-04-24 22:00:00,23780.00
2020-04-24 23:00:00,17713.00
2020-04-25 00:00:00,13132.00
2020-04-25 01:00:00,9592.00
2020-04-25 02:00:00,8130.00
2020-04-25 03:00:00,8944.00
2020-04-25 04:00:00,9454.00
2020-04-25 05:00:00,12121.00
2020-04-25 06:00:00,11002.00
2020-04-25 07:00:00,12077.00
2020-04-25 08:00:00,14038.00
2020-04-25 09:00:00,17338.00
2020-04-25 10:00:00,16674.00
2020-04-25 11:00:00,17217.00
2020-04-25 12:00:00,16666.00
2020-04-25 13:00:00,20249.00
2020-04-25 14:00:00,18394.00
2020-04-25 15:00:00,15397.00
2020-04-25 16:00:00,11415.00
2020-04-25 17:00:00,16806.00
2020-04-25 18:00:00,10489.00
2020-04-25 19:00:00,9911.00
2020-04-25 20:00:00,8322.00
2020-04-25 21:00:00,9048.00
2020-04-25 22:00:00,8443.00
2020-04-25 23:00:00,6663.00
2020-04-26 00:00:00,6835.00
2020-04-26 01:00:00,7040.00
2020-04-26 02:00:00,6791.00
2020-04-26 03:00:00,8183.00
2020-04-26 04:00:00,9638.00
2020-04-26 05:00:00,8105.00
2020-04-26 06:00:00,8491.00
2020-04-26 07:00:00,11778.00
2020-04-26 08:00:00,12035.00
2020-04-26 09:00:00,8999.00
2020-04-26 10:00:00,11500.00
2020-04-26 11:00:00,14431.00
2020-04-26 12:00:00,14710.00
2020-04-26 13:00:00,12332.00
2020-04-26 14:00:00,9537.00
2020-04-26 15:00:00,10209.00
2020-04-26 16:00:00,13622.00
2020-04-26 17:00:00,12865.00
2020-04-26 18:00:00,14380.00
2020-04-26 19:00:00,11383.00
2020-04-26 20:00:00,8801.00
2020-04-26 21:00:00,11171.00
2020-04-26 22:00:00,3556.00
2020-04-26 23:00:00,4498.00
2020-04-27 00:00:00,3269.00
2020-04-27 01:00:00,3136.00
2020-04-27 02:00:00,1657.00
2020-04-27 03:00:00,6739.00
2020-04-27 04:00:00,7744.00
2020-04-27 05:00:00,15355.00
2020-04-27 06:00:00,42379.00
2020-04-27 07:00:00,71270.00
2020-04-27 08:00:00,144876.00
2020-04-27 09:00:00,192278.00
2020-04-27 10:00:00,176695.00
2020-04-27 11:00:00,183006.00
2020-04-27 12:00:00,144324.00
2020-04-27 13:00:00,137204.00
2020-04-27 14:00:00,160135.00
2020-04-27 15:00:00,168366.00
2020-04-27 16:00:00,135764.00
2020-04-27 17:00:00,104797.00
2020-04-27 18:00:00,81867.00
2020-04-27 19:00:00,39379.00
2020-04-27 20:00:00,25201.00
2020-04-27 21:00:00,19411.00
2020-04-27 22:00:00,14279.00
2020-04-27 23:00:00,8326.00
2020-04-28 00:00:00,5131.00
2020-04-28 01:00:00,4727.00
2020-04-28 02:00:00,3089.00
2020-04-28 03:00:00,3013.00
2020-04-28 04:00:00,7562.00
2020-04-28 05:00:00,7719.00
2020-04-28 06:00:00,32984.00
2020-04-28 07:00:00,72717.00
2020-04-28 08:00:00,121465.00
2020-04-28 09:00:00,171514.00
2020-04-28 10:00:00,157528.00
2020-04-28 11:00:00,161427.00
2020-04-28 12:00:00,128217.00
2020-04-28 13:00:00,112118.00
2020-04-28 14:00:00,191234.00
2020-04-28 15:00:00,205007.00
2020-04-28 16:00:00,178561.00
2020-04-28 17:00:00,138506.00
2020-04-28 18:00:00,70496.00
2020-04-28 19:00:00,46019.00
2020-04-28 20:00:00,28947.00
2020-04-28 21:00:00,22270.00
2020-04-28 22:00:00,18693.00
2020-04-28 23:00:00,9772.00
2020-04-29 00:00:00,11353.00
2020-04-29 01:00:00,2645.00
2020-04-29 02:00:00,3064.00
2020-04-29 03:00:00,3803.00
2020-04-29 04:00:00,7552.00
2020-04-29 05:00:00,10772.00
2020-04-29 06:00:00,37412.00
2020-04-29 07:00:00,73119.00
2020-04-29 08:00:00,150988.00
2020-04-29 09:00:00,180741.00
2020-04-29 10:00:00,186879.00
2020-04-29 11:00:00,202214.00
2020-04-29 12:00:00,168337.00
2020-04-29 13:00:00,143826.00
2020-04-29 14:00:00,178375.00
2020-04-29 15:00:00,172894.00
2020-04-29 16:00:00,164987.00
2020-04-29 17:00:00,132457.00
2020-04-29 18:00:00,70665.00
2020-04-29 19:00:00,42438.00
2020-04-29 20:00:00,27976.00
2020-04-29 21:00:00,15449.00
2020-04-29 22:00:00,14456.00
2020-04-29 23:00:00,16017.00
2020-04-30 00:00:00,6155.00
2020-04-30 01:00:00,6455.00
2020-04-30 02:00:00,4378.00
2020-04-30 03:00:00,4748.00
2020-04-30 04:00:00,7574.00
2020-04-30 05:00:00,10335.00
2020-04-30 06:00:00,38231.00
2020-04-30 07:00:00,74653.00
2020-04-30 08:00:00,137718.00
2020-04-30 09:00:00,180396.00
2020-04-30 10:00:00,201134.00
2020-04-30 11:00:00,201986.00
2020-04-30 12:00:00,166168.00
2020-04-30 13:00:00,151090.00
2020-04-30 14:00:00,178093.00
2020-04-30 15:00:00,178126.00
2020-04-30 16:00:00,159977.00
2020-04-30 17:00:00,125348.00
2020-04-30 18:00:00,86460.00
2020-04-30 19:00:00,33611.00
2020-04-30 20:00:00,16462.00
2020-04-30 21:00:00,9899.00
2020-04-30 22:00:00,7394.00
2020-04-30 23:00:00,8647.00
2020-05-01 00:00:00,6755.00
2020-05-01 01:00:00,5363.00
2020-05-01 02:00:00,3648.00
2020-05-01 03:00:00,4224.00
2020-05-01 04:00:00,6911.00
2020-05-01 05:00:00,6346.00
2020-05-01 06:00:00,6979.00
2020-05-01 07:00:00,9889.00
2020-05-01 08:00:00,8885.00
2020-05-01 09:00:00,10283.00
2020-05-01 10:00:00,10500.00
2020-05-01 11:00:00,19995.00
2020-05-01 12:00:00,18423.00
2020-05-01 13:00:00,20905.00
2020-05-01 14:00:00,10077.00
2020-05-01 15:00:00,13116.00
2020-05-01 16:00:00,14907.00
2020-05-01 17:00:00,12523.00
2020-05-01 18:00:00,11276.00
2020-05-01 19:00:00,6850.00
2020-05-01 20:00:00,7913.00
2020-05-01 21:00:00,6847.00
2020-05-01 22:00:00,4806.00
2020-05-01 23:00:00,2900.00
2020-05-02 00:00:00,3620.00
2020-05-02 01:00:00,3444.00
2020-05-02 02:00:00,2826.00
2020-05-02 03:00:00,3944.00
2020-05-02 04:00:00,4524.00
2020-05-02 05:00:00,5474.00
2020-05-02 06:00:00,4184.00
2020-05-02 07:00:00,4911.00
2020-05-02 08:00:00,3831.00
2020-05-02 09:00:00,6648.00
2020-05-02 10:00:00,9250.00
2020-05-02 11:00:00,4758.00
2020-05-02 12:00:00,4872.00
2020-05-02 13:00:00,8460.00
2020-05-02 14:00:00,10116.00
2020-05-02 15:00:00,8344.00
2020-05-02 16:00:00,14492.00
2020-05-02 17:00:00,9050.00
2020-05-02 18:00:00,7150.00
2020-05-02 19:00:00,6739.00
2020-05-02 20:00:00,2634.00
2020-05-02 21:00:00,2197.00
2020-05-02 22:00:00,2225.00
2020-05-02 23:00:00,1843.00
2020-05-03 00:00:00,905.00
2020-05-03 01:00:00,665.00
2020-05-03 02:00:00,682.00
2020-05-03 03:00:00,1742.00
2020-05-03 04:00:00,1895.00
2020-05-03 05:00:00,1933.00
2020-05-03 06:00:00,3662.00
2020-05-03 07:00:00,3634.00
2020-05-03 08:00:00,4734.00
2020-05-03 09:00:00,4576.00
2020-05-03 10:00:00,4107.00
2020-05-03 11:00:00,3480.00
2020-05-03 12:00:00,5850.00
2020-05-03 13:00:00,8937.00
2020-05-03 14:00:00,7083.00
2020-05-03 15:00:00,16446.00
2020-05-03 16:00:00,17352.00
2020-05-03 17:00:00,14657.00
2020-05-03 18:00:00,12188.00
2020-05-03 19:00:00,7318.00
2020-05-03 20:00:00,9314.00
2020-05-03 21:00:00,3191.00
2020-05-03 22:00:00,5485.00
2020-05-03 23:00:00,2564.00
2020-05-04 00:00:00,4362.00
2020-05-04 01:00:00,3631.00
2020-05-04 02:00:00,4262.00
2020-05-04 03:00:00,5123.00
2020-05-04 04:00:00,6143.00
2020-05-04 05:00:00,14678.00
2020-05-04 06:00:00,50418.00
2020-05-04 07:00:00,92394.00
2020-05-04 08:00:00,141892.00
2020-05-04 09:00:00,191363.00
2020-05-04 10:00:00,199671.00
2020-05-04 11:00:00,225052.00
2020-05-04 12:00:00,186977.00
2020-05-04 13:00:00,166376.00
2020-05-04 14:00:00,195110.00
2020-05-04 15:00:00,202681.00
2020-05-04 16:00:00,174851.00
2020-05-04 17:00:00,163891.00
2020-05-04 18:00:00,98873.00
2020-05-04 19:00:00,53367.00
2020-05-04 20:00:00,28981.00
2020-05-04 21:00:00,23763.00
2020-05-04 22:00:00,16696.00
2020-05-04 23:00:00,14496.00
2020-05-05 00:00:00,14686.00
2020-05-05 01:00:00,15693.00
2020-05-05 02:00:00,10086.00
2020-05-05 03:00:00,11283.00
2020-05-05 04:00:00,13332.00
2020-05-05 05:00:00,15294.00
2020-05-05 06:00:00,32028.00
2020-05-05 07:00:00,75740.00
2020-05-05 08:00:00,117350.00
2020-05-05 09:00:00,170430.00
2020-05-05 10:00:00,179078.00
2020-05-05 11:00:00,190261.00
2020-05-05 12:00:00,168788.00
2020-05-05 13:00:00,144545.00
2020-05-05 14:00:00,173171.00
2020-05-05 15:00:00,183275.00
2020-05-05 16:00:00,151472.00
2020-05-05 17:00:00,144094.00
2020-05-05 18:00:00,90708.00
2020-05-05 19:00:00,43748.00
2020-05-05 20:00:00,30703.00
2020-05-05 21:00:00,39092.00
2020-05-05 22:00:00,29118.00
2020-05-05 23:00:00,19451.00
2020-05-06 00:00:00,11286.00
2020-05-06 01:00:00,8320.00
2020-05-06 02:00:00,7018.00
2020-05-06 03:00:00,11329.00
2020-05-06 04:00:00,6958.00
2020-05-06 05:00:00,18777.00
2020-05-06 06:00:00,38953.00
2020-05-06 07:00:00,70828.00
2020-05-06 08:00:00,113701.00
2020-05-06 09:00:00,157450.00
2020-05-06 10:00:00,185766.00
2020-05-06 11:00:00,180509.00
2020-05-06 12:00:00,159700.00
2020-05-06 13:00:00,145228.00
2020-05-06 14:00:00,182049.00
2020-05-06 15:00:00,164650.00
2020-05-06 16:00:00,174934.00
2020-05-06 17:00:00,157398.00
2020-05-06 18:00:00,73778.00
2020-05-06 19:00:00,46452.00
2020-05-06 20:00:00,17610.00
2020-05-06 21:00:00,19197.00
2020-05-06 22:00:00,18584.00
2020-05-06 23:00:00,11080.00
2020-05-07 00:00:00,7989.00
2020-05-07 01:00:00,4591.00
2020-05-07 02:00:00,5878.00
2020-05-07 03:00:00,6867.00
2020-05-07 04:00:00,6630.00
2020-05-07 05:00:00,14083.00
2020-05-07 06:00:00,31796.00
2020-05-07 07:00:00,72265.00
2020-05-07 08:00:00,151189.00
2020-05-07 09:00:00,182038.00
2020-05-07 10:00:00,174558.00
2020-05-07 11:00:00,179477.00
2020-05-07 12:00:00,133990.00
2020-05-07 13:00:00,138477.00
2020-05-07 14:00:00,168014.00
2020-05-07 15:00:00,165222.00
2020-05-07 16:00:00,127569.00
2020-05-07 17:00:00,120782.00
2020-05-07 18:00:00,76821.00
2020-05-07 19:00:00,30422.00
2020-05-07 20:00:00,23501.00
2020-05-07 21:00:00,23025.00
2020-05-07 22:00:00,19362.00
2020-05-07 23:00:00,13685.00
2020-05-08 00:00:00,13824.00
2020-05-08 01:00:00,8867.00
2020-05-08 02:00:00,4961.00
2020-05-08 03:00:00,6225.00
2020-05-08 04:00:00,6824.00
2020-05-08 05:00:00,14106.00
2020-05-08 06:00:00,41060.00
2020-05-08 07:00:00,72241.00
2020-05-08 08:00:00,120476.00
2020-05-08 09:00:00,122095.00
2020-05-08 10:00:00,125183.00
2020-05-08 11:00:00,161187.00
2020-05-08 12:00:00,137291.00
2020-05-08 13:00:00,138827.00
2020-05-08 14:00:00,163743.00
2020-05-08 15:00:00,117172.00
2020-05-08 16:00:00,86938.00
2020-05-08 17:00:00,53013.00
2020-05-08 18:00:00,25303.00
2020-05-08 19:00:00,17257.00
2020-05-08 20:00:00,13104.00
2020-05-08 21:00:00,9843.00
2020-05-08 22:00:00,10100.00
2020-05-08 23:00:00,9041.00
2020-05-09 00:00:00,9454.00
2020-05-09 01:00:00,7828.00
2020-05-09 02:00:00,5585.00
2020-05-09 03:00:00,7121.00
2020-05-09 04:00:00,7386.00
2020-05-09 05:00:00,9437.00
2020-05-09 06:00:00,8465.00
2020-05-09 07:00:00,9123.00
2020-05-09 08:00:00,12658.00
2020-05-09 09:00:00,10360.00
2020-05-09 10:00:00,12054.00
2020-05-09 11:00:00,20079.00
2020-05-09 12:00:00,13285.00
2020-05-09 13:00:00,8962.00
2020-05-09 14:00:00,8780.00
2020-05-09 15:00:00,9534.00
2020-05-09 16:00:00,11624.00
2020-05-09 17:00:00,9118.00
2020-05-09 18:00:00,12359.00
2020-05-09 19:00:00,13537.00
2020-05-09 20:00:00,9854.00
2020-05-09 21:00:00,11688.00
2020-05-09 22:00:00,6529.00
2020-05-09 23:00:00,11290.00
2020-05-10 00:00:00,4132.00
2020-05-10 01:00:00,4118.00
2020-05-10 02:00:00,3239.00
2020-05-10 03:00:00,3925.00
2020-05-10 04:00:00,4795.00
2020-05-10 05:00:00,4386.00
2020-05-10 06:00:00,4012.00
2020-05-10 07:00:00,4285.00
2020-05-10 08:00:00,3592.00
2020-05-10 09:00:00,4702.00
2020-05-10 10:00:00,5213.00
2020-05-10 11:00:00,6049.00
2020-05-10 12:00:00,11799.00
2020-05-10 13:00:00,9339.00
2020-05-10 14:00:00,7164.00
2020-05-10 15:00:00,12780.00
2020-05-10 16:00:00,18281.00
2020-05-10 17:00:00,21274.00
2020-05-10 18:00:00,8390.00
2020-05-10 19:00:00,12348.00
2020-05-10 20:00:00,9154.00
2020-05-10 21:00:00,8440.00
2020-05-10 22:00:00,8856.00
2020-05-10 23:00:00,3262.00
2020-05-11 00:00:00,9778.00
2020-05-11 01:00:00,5288.00
2020-05-11 02:00:00,5907.00
2020-05-11 03:00:00,4822.00
2020-05-11 04:00:00,6309.00
2020-05-11 05:00:00,20970.00
2020-05-11 06:00:00,35261.00
2020-05-11 07:00:00,70694.00
2020-05-11 08:00:00,122874.00
2020-05-11 09:00:00,172314.00
2020-05-11 10:00:00,158437.00
2020-05-11 11:00:00,192143.00
2020-05-11 12:00:00,158812.00
2020-05-11 13:00:00,133127.00
2020-05-11 14:00:00,186448.00
2020-05-11 15:00:00,182772.00
2020-05-11 16:00:00,163214.00
2020-05-11 17:00:00,141726.00
2020-05-11 18:00:00,81446.00
2020-05-11 19:00:00,41621.00
2020-05-11 20:00:00,28639.00
2020-05-11 21:00:00,26007.00
2020-05-11 22:00:00,22046.00
2020-05-11 23:00:00,10458.00
2020-05-12 00:00:00,7782.00
2020-05-12 01:00:00,7795.00
2020-05-12 02:00:00,5195.00
2020-05-12 03:00:00,6612.00
2020-05-12 04:00:00,10969.00
2020-05-12 05:00:00,16622.00
2020-05-12 06:00:00,37507.00
2020-05-12 07:00:00,62408.00
2020-05-12 08:00:00,125365.00
2020-05-12 09:00:00,173854.00
2020-05-12 10:00:00,162496.00
2020-05-12 11:00:00,181688.00
2020-05-12 12:00:00,146096.00
2020-05-12 13:00:00,139258.00
2020-05-12 14:00:00,172001.00
2020-05-12 15:00:00,161184.00
2020-05-12 16:00:00,143921.00
2020-05-12 17:00:00,124608.00
2020-05-12 18:00:00,66378.00
2020-05-12 19:00:00,36779.00
2020-05-12 20:00:00,27726.00
2020-05-12 21:00:00,15302.00
2020-05-12 22:00:00,14177.00
2020-05-12 23:00:00,7864.00
2020-05-13 00:00:00,6183.00
2020-05-13 01:00:00,3347.00
2020-05-13 02:00:00,2655.00
2020-05-13 03:00:00,3999.00
2020-05-13 04:00:00,12874.00
2020-05-13 05:00:00,15600.00
2020-05-13 06:00:00,32802.00
2020-05-13 07:00:00,65893.00
2020-05-13 08:00:00,151092.00
2020-05-13 09:00:00,149954.00
2020-05-13 10:00:00,151180.00
2020-05-13 11:00:00,179806.00
2020-05-13 12:00:00,123727.00
2020-05-13 13:00:00,142796.00
2020-05-13 14:00:00,150548.00
2020-05-13 15:00:00,138331.00
2020-05-13 16:00:00,123655.00
2020-05-13 17:00:00,108369.00
2020-05-13 18:00:00,62313.00
2020-05-13 19:00:00,33508.00
2020-05-13 20:00:00,22245.00
2020-05-13 21:00:00,12712.00
2020-05-13 22:00:00,9987.00
2020-05-13 23:00:00,9871.00
2020-05-14 00:00:00,13220.00
2020-05-14 01:00:00,12373.00
2020-05-14 02:00:00,4568.00
2020-05-14 03:00:00,7035.00
2020-05-14 04:00:00,14637.00
2020-05-14 05:00:00,15989.00
2020-05-14 06:00:00,40862.00
2020-05-14 07:00:00,84753.00
2020-05-14 08:00:00,109457.00
2020-05-14 09:00:00,134454.00
2020-05-14 10:00:00,143445.00
2020-05-14 11:00:00,162650.00
2020-05-14 12:00:00,145143.00
2020-05-14 13:00:00,148372.00
2020-05-14 14:00:00,172877.00
2020-05-14 15:00:00,152385.00
2020-05-14 16:00:00,136692.00
2020-05-14 17:00:00,98203.00
2020-05-14 18:00:00,68539.00
2020-05-14 19:00:00,32361.00
2020-05-14 20:00:00,19475.00
2020-05-14 21:00:00,14151.00
2020-05-14 22:00:00,12361.00
2020-05-14 23:00:00,13587.00
2020-05-15 00:00:00,11379.00
2020-05-15 01:00:00,7870.00
2020-05-15 02:00:00,6091.00
2020-05-15 03:00:00,6856.00
2020-05-15 04:00:00,12121.00
2020-05-15 05:00:00,13730.00
2020-05-15 06:00:00,34460.00
2020-05-15 07:00:00,68783.00
2020-05-15 08:00:00,111076.00
2020-05-15 09:00:00,117694.00
2020-05-15 10:00:00,154568.00
2020-05-15 11:00:00,133467.00
2020-05-15 12:00:00,128227.00
2020-05-15 13:00:00,97691.00
2020-05-15 14:00:00,143656.00
2020-05-15 15:00:00,129958.00
2020-05-15 16:00:00,113838.00
2020-05-15 17:00:00,80443.00
2020-05-15 18:00:00,49324.00
2020-05-15 19:00:00,27660.00
2020-05-15 20:00:00,13243.00
2020-05-15 21:00:00,15728.00
2020-05-15 22:00:00,9402.00
2020-05-15 23:00:00,6972.00
2020-05-16 00:00:00,8121.00
2020-05-16 01:00:00,7060.00
2020-05-16 02:00:00,4685.00
2020-05-16 03:00:00,5348.00
2020-05-16 04:00:00,4925.00
2020-05-16 05:00:00,5451.00
2020-05-16 06:00:00,5836.00
2020-05-16 07:00:00,8027.00
2020-05-16 08:00:00,7394.00
2020-05-16 09:00:00,8161.00
2020-05-16 10:00:00,9908.00
2020-05-16 11:00:00,14746.00
2020-05-16 12:00:00,12638.00
2020-05-16 13:00:00,19278.00
2020-05-16 14:00:00,17010.00
2020-05-16 15:00:00,9678.00
2020-05-16 16:00:00,4818.00
2020-05-16 17:00:00,7338.00
2020-05-16 18:00:00,4136.00
2020-05-16 19:00:00,7863.00
2020-05-16 20:00:00,6005.00
2020-05-16 21:00:00,5264.00
2020-05-16 22:00:00,3359.00
2020-05-16 23:00:00,2177.00
2020-05-17 00:00:00,1930.00
2020-05-17 01:00:00,2143.00
2020-05-17 02:00:00,2024.00
2020-05-17 03:00:00,3716.00
2020-05-17 04:00:00,3922.00
2020-05-17 05:00:00,4597.00
2020-05-17 06:00:00,4558.00
2020-05-17 07:00:00,4620.00
2020-05-17 08:00:00,4968.00
2020-05-17 09:00:00,5667.00
2020-05-17 10:00:00,7283.00
2020-05-17 11:00:00,7592.00
2020-05-17 12:00:00,8201.00
2020-05-17 13:00:00,5965.00
2020-05-17 14:00:00,6426.00
2020-05-17 15:00:00,14767.00
2020-05-17 16:00:00,15027.00
2020-05-17 17:00:00,10075.00
2020-05-17 18:00:00,6947.00
2020-05-17 19:00:00,9024.00
2020-05-17 20:00:00,8209.00
2020-05-17 21:00:00,7441.00
2020-05-17 22:00:00,9843.00
2020-05-17 23:00:00,9213.00
2020-05-18 00:00:00,14762.00
2020-05-18 01:00:00,10928.00
2020-05-18 02:00:00,4105.00
2020-05-18 03:00:00,5853.00
2020-05-18 04:00:00,9683.00
2020-05-18 05:00:00,14403.00
2020-05-18 06:00:00,37448.00
2020-05-18 07:00:00,78810.00
2020-05-18 08:00:00,112391.00
2020-05-18 09:00:00,135284.00
2020-05-18 10:00:00,133090.00
2020-05-18 11:00:00,140378.00
2020-05-18 12:00:00,117040.00
2020-05-18 13:00:00,108131.00
2020-05-18 14:00:00,138128.00
2020-05-18 15:00:00,152749.00
2020-05-18 16:00:00,128043.00
2020-05-18 17:00:00,118059.00
2020-05-18 18:00:00,50388.00
2020-05-18 19:00:00,26688.00
2020-05-18 20:00:00,17076.00
2020-05-18 21:00:00,11989.00
2020-05-18 22:00:00,12006.00
2020-05-18 23:00:00,10234.00
2020-05-19 00:00:00,7770.00
2020-05-19 01:00:00,8040.00
2020-05-19 02:00:00,2247.00
2020-05-19 03:00:00,2044.00
2020-05-19 04:00:00,5633.00
2020-05-19 05:00:00,8241.00
2020-05-19 06:00:00,28999.00
2020-05-19 07:00:00,54048.00
2020-05-19 08:00:00,86567.00
2020-05-19 09:00:00,116278.00
2020-05-19 10:00:00,117961.00
2020-05-19 11:00:00,148621.00
2020-05-19 12:00:00,100341.00
2020-05-19 13:00:00,103149.00
2020-05-19 14:00:00,157444.00
2020-05-19 15:00:00,148621.00
2020-05-19 16:00:00,137459.00
2020-05-19 17:00:00,107714.00
2020-05-19 18:00:00,48108.00
2020-05-19 19:00:00,32921.00
2020-05-19 20:00:00,16254.00
2020-05-19 21:00:00,14952.00
2020-05-19 22:00:00,16682.00
2020-05-19 23:00:00,14064.00
2020-05-20 00:00:00,8009.00
2020-05-20 01:00:00,7955.00
2020-05-20 02:00:00,3451.00
2020-05-20 03:00:00,2573.00
2020-05-20 04:00:00,3019.00
2020-05-20 05:00:00,9881.00
2020-05-20 06:00:00,25743.00
2020-05-20 07:00:00,69704.00
2020-05-20 08:00:00,121991.00
2020-05-20 09:00:00,157729.00
2020-05-20 10:00:00,146005.00
2020-05-20 11:00:00,145706.00
2020-05-20 12:00:00,123824.00
2020-05-20 13:00:00,137006.00
2020-05-20 14:00:00,125854.00
2020-05-20 15:00:00,116632.00
2020-05-20 16:00:00,110954.00
2020-05-20 17:00:00,109550.00
2020-05-20 18:00:00,66036.00
2020-05-20 19:00:00,29342.00
2020-05-20 20:00:00,17745.00
2020-05-20 21:00:00,12758.00
2020-05-20 22:00:00,11779.00
2020-05-20 23:00:00,10952.00
2020-05-21 00:00:00,7836.00
2020-05-21 01:00:00,5027.00
2020-05-21 02:00:00,4360.00
2020-05-21 03:00:00,4189.00
2020-05-21 04:00:00,6729.00
2020-05-21 05:00:00,12381.00
2020-05-21 06:00:00,31302.00
2020-05-21 07:00:00,57695.00
2020-05-21 08:00:00,87854.00
2020-05-21 09:00:00,96963.00
2020-05-21 10:00:00,93272.00
2020-05-21 11:00:00,105438.00
2020-05-21 12:00:00,95504.00
2020-05-21 13:00:00,82236.00
2020-05-21 14:00:00,90486.00
2020-05-21 15:00:00,84813.00
2020-05-21 16:00:00,62135.00
2020-05-21 17:00:00,53683.00
2020-05-21 18:00:00,24175.00
2020-05-21 19:00:00,9047.00
2020-05-21 20:00:00,8091.00
2020-05-21 21:00:00,6572.00
2020-05-21 22:00:00,4908.00
2020-05-21 23:00:00,7545.00
2020-05-22 00:00:00,6376.00
2020-05-22 01:00:00,3295.00
2020-05-22 02:00:00,3515.00
2020-05-22 03:00:00,3485.00
2020-05-22 04:00:00,3214.00
2020-05-22 05:00:00,6774.00
2020-05-22 06:00:00,24527.00
2020-05-22 07:00:00,58850.00
2020-05-22 08:00:00,95050.00
2020-05-22 09:00:00,91782.00
2020-05-22 10:00:00,94381.00
2020-05-22 11:00:00,123010.00
2020-05-22 12:00:00,124915.00
2020-05-22 13:00:00,117406.00
2020-05-22 14:00:00,127847.00
2020-05-22 15:00:00,86060.00
2020-05-22 16:00:00,67325.00
2020-05-22 17:00:00,20022.00
2020-05-22 18:00:00,15696.00
2020-05-22 19:00:00,5761.00
2020-05-22 20:00:00,5942.00
2020-05-22 21:00:00,4104.00
2020-05-22 22:00:00,1373.00
2020-05-22 23:00:00,1184.00
2020-05-23 00:00:00,1498.00
2020-05-23 01:00:00,1170.00
2020-05-23 02:00:00,741.00
2020-05-23 03:00:00,944.00
2020-05-23 04:00:00,636.00
2020-05-23 05:00:00,1225.00
2020-05-23 06:00:00,3210.00
2020-05-23 07:00:00,3297.00
2020-05-23 08:00:00,4286.00
2020-05-23 09:00:00,5696.00
2020-05-23 10:00:00,394.00
2020-05-23 12:00:00,83.00
2020-05-23 16:00:00,2542.00
2020-05-23 17:00:00,7578.00
2020-05-23 18:00:00,7838.00
2020-05-23 19:00:00,7559.00
2020-05-23 20:00:00,4240.00
2020-05-23 21:00:00,7248.00
2020-05-23 22:00:00,10603.00
2020-05-23 23:00:00,5892.00
2020-05-24 00:00:00,1326.00
2020-05-24 01:00:00,1104.00
2020-05-24 02:00:00,1569.00
2020-05-24 03:00:00,742.00
2020-05-24 04:00:00,603.00
2020-05-24 05:00:00,1581.00
2020-05-24 06:00:00,4094.00
2020-05-24 07:00:00,5190.00
2020-05-24 08:00:00,8336.00
2020-05-24 09:00:00,7383.00
2020-05-24 10:00:00,10273.00
2020-05-24 11:00:00,7863.00
2020-05-24 12:00:00,12038.00
2020-05-24 13:00:00,8393.00
2020-05-24 14:00:00,3937.00
2020-05-24 15:00:00,7677.00
2020-05-24 16:00:00,11303.00
2020-05-24 17:00:00,8882.00
2020-05-24 18:00:00,6662.00
2020-05-24 19:00:00,4638.00
2020-05-24 20:00:00,5212.00
2020-05-24 21:00:00,4150.00
2020-05-24 22:00:00,3121.00
2020-05-24 23:00:00,10124.00
